Station,       HEATHROW ,,,,,       KEW GARDENS ,,,,,       NORTHOLT ,,,,,       WISLEY ,,,,
Latitude,51.47872,,,,,51.48135,,,,,51.54815,,,,,51.31027,,,,
Longtude,-0.44904,,,,,-0.29276,,,,,-0.41534,,,,,-0.47478,,,,
Eastings,507693,,,,,518537,,,,,509866,,,,,506296,,,,
Northings,176724,,,,,177257,,,,,184494,,,,,157956,,,,
Altitude (m),25,,,,,6,,,,,33,,,,,38,,,,
Start:,  0000 01/01/2019 ,,,,,  0000 01/01/2019 ,,,,,  0000 01/01/2019 ,,,,,  0000 01/01/2019 ,,,,
End:,  2300 31/12/2021 ,,,,,  2300 31/12/2021 ,,,,,  2300 31/12/2021 ,,,,,  2300 31/12/2021 ,,,,
Date and time,Daily Maximum Air Temperature,Daily Minimum Air Temperature,Daily Rainfall Total,Daily Mean Wind Speed,Daily Maximum Gust Speed ,Daily Maximum Air Temperature,Daily Minimum Air Temperature,Daily Rainfall Total,Daily Mean Wind Speed,Daily Maximum Gust Speed ,Daily Maximum Air Temperature,Daily Minimum Air Temperature,Daily Rainfall Total,Daily Mean Wind Speed,Daily Maximum Gust Speed ,Daily Maximum Air Temperature,Daily Minimum Air Temperature,Daily Rainfall Total,Daily Mean Wind Speed,Daily Maximum Gust Speed 
01-01-20,8.1,1.7,0,4,11,7.9,0.8,0,2,8,8,2.2,0,3,12,7.9,3.7,0,2,12
02-01-20,11,4.7,2,10,26,10.9,2.3,2,5,19,11,3.2,1.8,9,23,10.9,4.6,1.4,7,22
03-01-20,10,8,0,9,24,10.3,7.7,0.2,7,26,9.9,7.9,0.2,9,28,10.1,7.8,0,7,24
04-01-20,9,2.2,0,8,19,9.5,2.7,0,4,17,9.5,2.4,0,7,17,8.6,2.6,0,5,15
05-01-20,9,6,0,9,20,8.9,5.2,0,4,16,8.9,5.8,0,7,20,8.9,4.6,0,5,17
06-01-20,8.9,6.6,0.8,10,24,8.6,6.5,1,6,24,8.8,6.5,0.6,10,24,8.5,6.2,1.8,7,21
07-01-20,13.1,4.1,0.2,11,26,12.9,2.9,0,5,20,12.8,3.5,0.2,9,23,12.6,5.1,0,8,25
08-01-20,12.8,7.9,1,9,23,12.8,7.5,1,4,18,12.6,8.1,1,8,20,12.3,8.4,2,5,21
09-01-20,13.4,9.5,4.4,13,32,14.1,8.9,6.4,7,24,13.8,9.4,5.8,12,31,13.8,9.2,3.6,9,30
10-01-20,9.9,5.5,0,7,16,9.8,5.4,0,5,17,9.6,5,0,8,17,9.6,5,0,6,17
11-01-20,11.4,4.9,0.6,16,35,11.3,2,1.2,8,27,11,4.5,1.4,14,30,11,3.8,0.8,11,29
12-01-20,11.7,9,0.4,14,30,12.1,8.8,0.2,7,26,11.6,9,0.8,12,32,11.8,9,0.4,9,28
13-01-20,11.2,4.5,5.8,13,37,11.3,2.5,6,7,32,10.8,4.4,4.4,12,35,11,5.5,6.8,11,43
14-01-20,13.3,7.2,12.6,16,41,13.1,6.8,14,9,32,13,6.9,13.2,15,43,12.6,7.3,18.8,12,41
15-01-20,10.2,7,0.4,12,42,10.2,6.5,1.2,6,33,10.3,6.8,0.4,10,37,10,6.4,0.6,7,36
16-01-20,12.7,5.2,5.6,11,28,12.4,4.3,5.6,6,22,12.4,5.5,9.8,10,26,12.6,6.1,6,10,31
17-01-20,9.6,7.3,0,11,36,9.6,7,0,6,29,9.4,7.2,0,10,36,9.1,7.8,0,7,29
18-01-20,7.9,0.9,0,5,13,8,-1.8,0.2,3,15,7.4,-1.1,0.2,4,15,7.4,-0.2,0.2,3,11
19-01-20,7.7,-0.9,0.2,3,9,7.8,-3,0.2,2,9,7.3,-3.8,0,3,8,7,-3.4,0,2,9
20-01-20,8.8,-0.3,0,3,8,9.2,-2.4,0,2,7,8.2,-2.1,0,2,6,7.9,-2.1,0,2,6
21-01-20,8,-2.1,0,3,7,8.8,-3.1,0.2,2,6,8.8,-3.9,0.2,2,7,8.2,-3.7,0.2,2,5
22-01-20,8.1,-0.2,0.2,3,11,7.8,-1.7,0.2,2,9,7.8,-3.1,0.2,3,9,6.9,-2.4,0.4,1,8
23-01-20,8.1,4.9,0,3,11,8.2,3.5,0,2,11,8.1,4.5,0,3,9,7.6,2.7,0,2,10
24-01-20,7,5.8,0,3,12,6.8,5.7,0,2,7,7.2,5.1,0,3,8,6.3,5.2,0.2,2,7
25-01-20,8.1,5.6,0.2,6,13,8,5.2,0.2,3,11,8,5.5,0,5,12,8.1,4.7,0,4,12
26-01-20,10.5,5.6,3,9,23,10.6,5.1,2.8,5,20,10.5,5.7,2.2,8,22,10.4,5.3,3.8,7,25
27-01-20,9.6,7.3,8.6,8,19,9.7,5.7,10.2,4,17,9.5,6.7,8.8,7,18,9.5,7.4,8,6,21
28-01-20,8.2,2.2,0,14,29,7.9,2.1,0,7,24,7.6,2.2,0,12,32,8.1,2,0,8,26
29-01-20,9.7,2.3,0,12,24,10,0.9,0,6,20,10.2,2.3,0,10,22,9.8,2.4,0,7,19
30-01-20,13,4.5,0.2,10,26,12.8,3.2,0.2,5,21,12.8,3.7,0.2,10,25,12.5,3.7,0.6,8,21
31-01-20,12.8,8.6,1.4,13,29,12.4,8.5,1.8,6,24,12.6,8.6,0.2,12,27,11.9,8.2,2.2,9,25
01-02-20,12.4,9.4,8.4,15,36,12.3,9.7,7.8,8,32,11.8,9.6,8.6,14,38,12.3,9.7,8.8,9,33
02-02-20,13.3,6.3,0.2,12,31,13.6,6.3,0,6,28,13.3,6.1,0,11,33,13.6,6.3,0,8,27
03-02-20,12,8.1,0.2,13,29,11.6,8.6,0,7,22,11.4,8.2,0.2,12,30,11.5,8.4,0,8,24
04-02-20,9.4,3.9,0,11,26,9.5,4.5,0,8,29,9,4.5,0,12,34,8.9,3.9,0.2,8,26
05-02-20,9.8,1.6,0,No data,No data,9.4,-0.1,0,2,8,9.2,-0.8,0,2,9,9.9,-0.7,0,2,6
06-02-20,9.5,-0.3,0,No data,No data,10.7,-2,0.2,1,6,9.2,-1.7,0.2,1,6,10.1,-2.3,0,2,8
07-02-20,10.8,0.4,1.4,8,18,10.8,-1,1.4,5,16,10.7,-2.6,1.4,7,19,10.9,-1.4,1.6,6,20
08-02-20,11.1,3.1,0,11,31,11.3,2.6,0,6,22,11.7,1.6,0,10,28,11.4,2.9,0.8,7,29
09-02-20,13.2,7.5,12.8,25,51,13.2,7.2,12.6,13,43,13.2,7.4,12.8,23,55,12.9,7.2,16,16,47
10-02-20,9.7,5.3,3.6,21,52,9.8,6.1,3.2,11,52,9.3,5.9,5.8,19,49,9.5,5.2,3.4,13,45
11-02-20,8.4,3.4,0,18,40,8.7,3.3,0,10,37,7.9,2.1,0,18,41,7.8,3.3,0,11,33
12-02-20,9.1,2.2,10.4,13,32,9.1,1.5,8.2,6,29,8.8,1.6,10.4,11,30,8.7,1.8,12.6,8,27
13-02-20,10.4,4,1.4,11,27,10,2.9,0.6,7,29,9.8,3.6,0.8,11,30,9.9,3.7,3,9,33
14-02-20,12.5,1.8,3.6,10,26,12.7,-0.3,2,5,23,12.6,-0.3,3.2,9,27,12.4,0.6,2.4,7,24
15-02-20,13.1,5.1,13.8,18,43,13.2,2,13.2,10,35,13,4.1,14.4,18,41,13,5.3,18.2,14,43
16-02-20,11.8,9.9,7,20,45,11.5,10.1,8.8,10,41,11.2,9.8,7.8,17,47,11.3,10.2,10.2,13,42
17-02-20,11.4,5.3,0,17,37,11.6,5.6,0,8,30,11.4,5.3,0,15,35,11.7,5.2,0,11,33
18-02-20,11.4,4.3,2.2,14,37,10.8,4.1,3.2,7,32,10.9,4.1,4.8,12,35,10.5,4.4,2.6,10,30
19-02-20,9.8,2.4,1.4,11,23,9.8,2.7,2.2,6,18,9.9,2.4,1.8,9,22,9.5,2.8,2.4,7,23
20-02-20,10.3,4.8,4.6,15,37,10.2,4.7,4.4,8,33,10.1,4.6,4.4,14,39,10.1,4.4,3,10,32
21-02-20,11.6,3.7,0,16,35,11.7,3.1,0,7,26,11.5,3.5,0,14,34,11.2,3.4,0,11,30
22-02-20,14.3,6.7,0.4,19,37,13.9,6.8,0.2,10,34,13.6,6.7,2.4,19,40,14.2,7.1,0.4,13,37
23-02-20,15.1,8.8,3.2,14,40,14.9,9,3.8,8,32,14.2,8.3,4,14,43,15.1,9,2,11,37
24-02-20,12.2,5.7,2.4,14,34,12.2,5.9,3,8,30,11.9,5.6,3,13,36,11.7,5.9,4.4,10,30
25-02-20,9.7,4.6,1,13,30,9.6,4.5,0.8,7,25,9.1,4.3,0.2,12,29,9.2,4.7,0.6,8,25
26-02-20,9.2,0.8,7.8,11,26,8.9,1.5,7.4,7,28,8.5,1.7,7,11,31,9,0.9,7.6,7,29
27-02-20,8.2,2,1.6,8,29,8.3,2.3,2,6,30,7.7,1.2,1.4,9,30,8,2.3,1.6,7,30
28-02-20,11.9,0,11.6,12,29,11.7,-2,11.4,6,28,11.8,-0.8,14,10,29,11.5,-0.1,9.8,10,29
29-02-20,9.8,4.7,0.8,17,38,9.5,4.7,1.6,10,33,8.5,4.7,2.6,16,43,9.4,5.4,1.8,13,35
01-03-20,10.5,4.2,5.4,14,30,11.1,4.2,4.2,7,26,10.6,2.5,6.4,13,31,10.8,3.6,2.4,9,27
02-03-20,10.1,3.8,0,8,27,10.1,2.5,0.2,5,22,9.5,3.4,0,8,23,9.8,3.8,0,5,20
03-03-20,10.6,1.4,0.8,8,23,10.2,-0.6,1.2,4,23,9.4,0.5,0.4,7,21,10.1,2,0,6,19
04-03-20,8.3,-0.1,5.6,5,14,8.4,-1.1,5.4,3,12,8.8,-0.8,3.6,5,15,8.8,0,4.2,4,15
05-03-20,6.1,3.9,10.2,9,24,6.1,3.3,13,6,23,6.2,3.4,8.4,12,27,5.8,4.4,19.8,7,22
06-03-20,10.1,2.3,0,5,15,10.4,0.7,0,4,16,9.5,1.4,0,5,17,9.7,0.4,0,4,13
07-03-20,13.3,1.6,0.4,10,31,13,-1.2,0.2,5,26,13.2,-0.7,2,9,30,13,0.5,0.6,8,29
08-03-20,14.3,6.3,2.2,14,33,13.7,5.8,1.4,7,27,13.4,6.1,2.8,13,33,13.5,5.8,3.8,10,33
09-03-20,13.2,4.5,7.6,12,25,13,3.7,8.8,6,22,12.8,4.4,10.8,11,27,12.6,4.6,7.6,8,25
10-03-20,16,6.3,0,15,34,16.5,6.1,0,8,30,15.5,6.2,0,16,40,15.4,6,3,10,27
11-03-20,15.4,7.9,1.8,13,36,15.3,8.7,0.6,7,30,15.1,8.5,1.6,13,37,14.8,7.7,0.4,9,31
12-03-20,10.9,4.4,1.4,17,40,11,4.3,0.4,9,33,10.6,4.3,0.2,17,41,10.8,4.3,0.6,11,31
13-03-20,13,4.6,3.6,11,26,12.3,5.5,3.6,6,22,12,5.5,4.2,10,24,12.3,5.6,3.6,7,20
14-03-20,13.6,6.5,0,11,24,13.1,6,0,5,21,13.9,6.4,0.4,9,21,13,6.4,0,8,20
15-03-20,12.2,9.1,2.2,11,26,12.7,8.9,1.6,6,24,12,8.7,2.4,10,28,11.7,8.8,1.6,8,24
16-03-20,12.9,2.8,0,6,17,13.3,0.7,0.2,3,13,13,0.6,0,5,17,13.2,1.1,0,4,14
17-03-20,13.6,4.4,0,11,23,13.9,2.7,0,5,21,14.2,3.5,0,9,22,13.9,4.8,0,7,20
18-03-20,15.6,9.4,1,10,21,14.9,9,0.8,5,20,14.8,9.4,0.6,10,22,15.4,9,1.6,7,20
19-03-20,7.9,6,0.6,7,17,8.2,6,0.4,No data,No data,7.9,5.8,0.6,8,17,7.8,6.2,0.6,4,12
20-03-20,10.1,5.9,0,11,27,9.9,6.2,0,8,25,9.8,5.7,0,13,28,10.2,5.7,0,7,21
21-03-20,10.9,3.8,0,11,34,11,4.2,0,9,26,10.6,3.8,0,13,31,10.4,3.9,0,7,26
22-03-20,11.3,3.3,0,9,24,11.1,3.8,0,8,22,10.6,3.2,0,12,28,10.8,2.8,0,6,24
23-03-20,13.9,1.8,0,8,17,13.6,1.9,0,6,16,13.5,1.9,0,7,18,12.5,0.9,0,4,18
24-03-20,15.5,0.4,0,6,17,15.7,-1.5,0,3,14,16,-1.5,0,5,15,15.1,1,0,4,14
25-03-20,14.2,0.1,0,4,15,14.1,-1.7,0,3,14,14.7,-2.6,0,5,14,14.2,-2.7,0,3,13
26-03-20,13.9,1,0,7,20,13.3,0.9,0,5,19,13.4,-1.1,0,9,22,13.1,-3.3,0,4,21
27-03-20,13.9,1.4,0,8,24,13.6,2.2,0,5,20,13.8,1.7,0,11,25,13.9,-2.6,0,5,22
28-03-20,11.8,4.4,0,11,31,11.8,5.1,0,7,25,11.1,4.5,0,14,32,12.3,3.6,0,8,26
29-03-20,8.1,3.4,0,12,33,7.8,3.7,0,8,30,8.3,3.2,0,15,36,8.5,3.4,0,9,30
30-03-20,10.7,2,0,7,23,10.8,1.9,0.4,5,20,10.5,1.9,0.2,10,26,10.1,1.1,0.6,5,17
31-03-20,11.3,2.5,0,7,21,10.8,3,0,5,18,10.7,2.2,0,8,20,10.7,0.9,0.2,4,18
01-04-20,9.3,-0.9,0,3,11,9.4,-2.5,0,3,11,9.6,-2.4,0,4,12,9.6,-3.6,0,3,12
02-04-20,14,5.4,0,8,21,13.8,5.1,0,5,19,13.2,4.8,0,8,22,13.2,5.1,0,5,17
03-04-20,14.2,6.8,0,4,14,13.6,6.5,0,3,15,14,6.9,0,4,15,13.9,6.3,0,3,11
04-04-20,16.5,2.7,0,6,17,17.1,0.2,0,4,15,16.9,0.5,0,5,19,16.3,0,0,5,20
05-04-20,21.7,5.9,0.6,10,26,21.5,4.9,0.4,6,21,21.7,4.7,0.6,10,24,21,6.2,0.6,8,22
06-04-20,18.3,10.4,0,7,20,17.9,10.6,0.2,5,17,18.7,10.4,0,8,22,18.5,10.3,0,5,19
07-04-20,20,4.5,0,4,22,19.9,1.9,0,3,14,20.4,2,0,4,16,19.6,1.3,0,3,15
08-04-20,21.9,9.8,0,4,12,21.6,8.2,0,3,12,22.9,8.7,0,4,13,22.8,7.3,0,2,9
09-04-20,23.2,8.5,0,7,21,22.7,6.7,0,5,18,23.4,6.9,0,7,21,24.2,5.2,0,3,16
10-04-20,24.2,8.7,0,7,20,23,6.9,0,5,16,23.5,7.8,0,7,18,23.8,6.7,0,4,13
11-04-20,25,9,0,4,16,25.1,6.4,0,3,16,24.6,6.6,0,4,15,25,6.5,0,3,11
12-04-20,24.8,9.5,0,5,21,25,6.7,0,3,18,23.6,6.3,2.2,5,25,24.8,6.6,0,4,15
13-04-20,11.8,7.6,0,12,29,11.4,7.5,0,8,25,11.3,7.4,0,15,28,11.9,7.5,0,7,24
14-04-20,13.4,3.2,0,6,15,13.1,3.8,0,4,16,13.6,2.9,0,6,15,13.2,-0.8,0,3,14
15-04-20,19.1,2.5,0,5,15,18.5,0.1,0,3,12,18.9,0.2,0,5,17,18.4,-1.5,0,3,14
16-04-20,19.6,4.6,0,5,14,20.1,2.3,0,4,14,20.9,2.1,0,5,16,18.7,-0.1,0,2,10
17-04-20,14.7,9,17,9,25,14.6,9.3,11.8,7,22,14.3,9.1,13.8,11,24,13.7,8.7,11.2,5,20
18-04-20,16.1,6.4,0,5,13,15.8,6.7,0,3,12,15,6.5,0,6,16,15.4,6.6,0,3,11
19-04-20,18.5,6.2,0,7,20,18.2,5.2,0,5,19,17.9,5.7,0,9,22,18.2,2.6,0,4,19
20-04-20,18.5,5.6,0,10,29,18.7,6.3,0,8,27,18,5.6,0,13,31,17.5,3.2,0,6,25
21-04-20,18.8,8.2,0,10,25,18.2,9.1,0,8,24,18.4,8.5,0,12,26,17.5,7.9,0,6,24
22-04-20,21.4,7.1,0,7,22,21,7.8,0,5,20,21.1,6.4,0,10,23,20.5,3.3,0,4,19
23-04-20,24.1,6.6,0,5,15,23.8,7.5,0,4,14,24.2,7,0,6,15,24,2.8,0,3,11
24-04-20,21.9,7.8,0,4,14,22.7,5.4,0,3,13,21.3,6.6,0,5,14,22.1,3.5,0,2,10
25-04-20,16.8,6.8,0,6,17,16.6,6.9,0,5,14,17.4,7,0,6,16,17.2,6.1,0,3,14
26-04-20,20.6,4.2,0,4,18,20.7,2,0,2,12,20.5,2,0,3,13,20.2,0.8,0,3,13
27-04-20,18.6,7,8.4,5,19,18.9,4.2,6,3,17,18.2,4.9,7.8,5,19,19.7,2.7,10.8,3,15
28-04-20,11.2,7.2,6.2,7,21,11.2,7.5,9.2,5,19,11.3,7,5.8,9,20,11.2,7.7,6.8,4,14
29-04-20,14.2,7.2,1.8,7,21,14.5,7.4,2.6,4,18,14.1,7,2.2,7,21,14.1,7.5,1.8,6,19
30-04-20,14.2,6.2,4.2,10,33,13.6,4.6,8.2,6,29,13.5,5.6,6,9,34,13.4,6.1,8.4,7,29
01-05-20,15.5,7.4,0.2,11,30,15.4,6.3,0,6,28,15.1,6.6,2,10,29,15.2,6.9,1.4,7,23
02-05-20,17.6,5.7,0,7,22,18,6.3,0,4,16,17.1,5.7,0,6,16,17.7,5.3,0,4,13
03-05-20,15.2,8.6,0.2,4,14,15.4,6,0,3,13,15.7,6,0,3,14,14.6,6.2,0,2,10
04-05-20,17.8,9.7,0,8,23,17.7,8.4,0,5,20,17.8,9.5,0,8,22,17.4,9.5,0,5,19
05-05-20,15.4,7.9,0,12,25,15.3,8.3,0,8,24,15.2,7.4,0,12,26,14.9,7.8,0,7,22
06-05-20,18.7,5,0,7,20,18.4,5.6,0,5,15,18.8,4.2,0,7,16,18.2,1.8,0,3,13
07-05-20,23.1,5.9,0,5,16,23.2,4.5,0,3,13,23,4.4,0,4,18,22.2,2.2,0,3,14
08-05-20,24.2,10,0,3,14,24.5,7,0,2,10,24.1,7.7,0,3,12,24,5.8,0,2,10
09-05-20,24.9,10.5,0,6,23,24.4,7.1,0,4,15,24.9,7.9,0,6,18,24.2,5.5,0,3,15
10-05-20,17.9,11.6,0,11,34,18.5,9.4,0,6,27,17.5,9.8,0,13,33,19.4,6.6,0,5,26
11-05-20,12.6,4.7,0,12,34,12.4,5,0,7,32,12.6,4.7,0,15,37,12.7,4.6,0,7,26
12-05-20,16.2,2.3,0,4,14,15.9,-0.2,0,3,15,14.9,0.4,0,4,14,15.2,-1.4,0,3,13
13-05-20,13.3,6.1,0,8,23,13.2,6.1,0,5,21,12.8,5.7,0,10,26,13,4.2,0,4,20
14-05-20,14.7,3,0,7,19,14.5,3,0,4,17,14.2,3,0,8,24,14.1,-0.5,0,4,21
15-05-20,19.6,3.1,0,4,15,19.1,0.8,0,3,16,17.8,0.5,0,4,15,18.8,-1,0,3,14
16-05-20,19,7.6,0,5,17,17.5,4.4,0,3,16,17.2,4.1,0,5,16,18.8,2.4,0,4,15
17-05-20,21.1,7.7,0,7,19,20.5,4.9,0,4,17,20.2,4.2,0,6,18,20.3,5.6,0,4,16
18-05-20,23.9,10.2,0,10,22,23.3,10,0,5,20,23.3,9.7,0,9,22,23.3,8.7,0,5,18
19-05-20,26,11.6,0,7,15,25.9,11.4,0,4,14,25.4,11.4,0,6,16,25.5,10,0,4,12
20-05-20,27.8,13,0,6,18,27.5,10.1,0,3,15,27.5,10.6,0,5,16,26.9,9.2,0,4,15
21-05-20,27.4,13,0,5,18,27.4,10.5,0,2,14,27.1,10.9,0,4,15,27.6,8.6,0,3,13
22-05-20,23.2,16.7,0,15,29,22.3,15.8,0,7,27,21.6,16.4,0,13,30,21.9,15.9,0,9,28
23-05-20,19.9,11.2,1.6,17,37,19.4,10.7,1.8,8,33,19,10.6,0.6,16,42,19.1,10.1,1.2,9,30
24-05-20,22.5,10.4,0,10,24,23,10.5,0,5,20,22,10,0,9,25,22.4,8.6,0,6,18
25-05-20,26.1,10.1,0,5,15,26,7.7,0,3,13,25.6,7.7,0,4,17,25.3,6.3,0,4,14
26-05-20,26.5,11.6,0,4,15,26.9,8.7,0,3,15,25.8,9.3,0,4,14,26.2,7,0,3,12
27-05-20,26.3,13.7,0,4,17,25.2,11.4,0,3,15,24.7,13.8,0,5,19,25.6,9.1,0,3,11
28-05-20,22.6,11.6,0,8,20,21.9,11.2,0,6,18,22.4,11,0,9,22,21.9,10.3,0,5,18
29-05-20,24.3,11,0,8,18,23.3,10.3,0,6,16,23.6,9.9,0,9,20,23.2,8.3,0,4,15
30-05-20,25.7,9.9,0,9,23,25.1,10.2,0,6,21,24.5,9.3,0,9,24,23.9,7.5,0,5,18
31-05-20,25.3,12.4,0,9,26,24.8,12.6,0,7,23,24.8,12.1,0,10,26,24,8.6,0,5,21
01-06-20,26.8,11.3,0,7,18,26.3,11.6,0,5,16,25.9,10.6,0,8,20,25.5,8,0,4,15
02-06-20,25.4,12.3,0,4,15,25.6,12.1,0,3,14,24.1,12.1,0,5,14,25.2,7.7,0,4,14
03-06-20,19.2,13.6,0.4,6,22,19.3,10.6,0.8,3,19,18.8,11.5,0.2,8,25,18.9,9.4,0.2,4,16
04-06-20,16.6,10.5,0,8,19,16.5,10.6,0.6,5,20,15.7,10.3,3,9,21,16.3,10.2,0.2,5,18
05-06-20,16.4,11.2,1.4,11,29,17.3,10.5,0.6,7,29,16.3,9.8,3.6,12,36,17.6,10.2,0,8,27
06-06-20,14.5,7.2,9.8,13,30,14.7,7.5,3.6,6,25,14.5,6.6,5.8,12,30,15.1,6.1,3.8,7,24
07-06-20,18.7,8.1,2,6,15,19.5,6.1,0,4,14,18.4,6.3,0.2,7,19,20.3,5.1,0.8,3,16
08-06-20,16.6,10.4,0,6,15,16.8,10.4,0,4,14,16.3,10.4,0,8,18,16.5,10.4,0,3,13
09-06-20,20.1,10.6,0,5,15,20.3,7.8,0,3,15,20.3,9.3,0,5,15,20.8,10,0.2,3,13
10-06-20,16.4,12.7,5.2,7,15,16.2,12.3,3.2,3,14,16.1,12.4,5.6,6,15,16,11.8,3.2,4,12
11-06-20,21.4,10.9,0.8,9,27,20.6,10.7,1.6,6,21,21,10.9,0.2,11,27,20.3,10.3,1.2,5,21
12-06-20,21.4,13.7,2.4,9,26,21.3,14,3.8,6,23,20.5,13.6,3,11,27,20.2,13.6,2.8,5,25
13-06-20,25.1,12.3,1.6,9,27,25.3,11.9,0,5,20,24.6,12,5.8,8,26,23.7,11.8,0,6,22
14-06-20,22.9,12.9,0,7,17,22.9,11.5,0,4,15,22.7,11.2,0,6,17,21.8,11,0,5,15
15-06-20,25.3,11.5,1,4,19,25.4,9.9,1.2,2,13,25.3,10.1,3.6,3,18,24.7,8.3,0,3,17
16-06-20,24.9,13.5,0.2,5,19,24.4,11.9,0.2,3,16,24.2,13,0,4,18,22.3,9.6,7.4,3,17
17-06-20,22.6,12.8,12.4,4,16,23.8,10.9,13.4,2,9,23.1,11.5,14.2,3,14,23.3,9.5,14,2,16
18-06-20,19.1,13.8,8.6,6,18,19.8,13.9,4.2,4,14,19.4,13.8,10.2,6,16,17.8,14,7.6,3,16
19-06-20,20.8,13.4,0.4,10,24,20.1,12.6,0,5,21,19.9,13.3,0,9,22,19.7,13.2,0,7,23
20-06-20,23,11.8,1.2,8,22,22.9,10.6,1,4,18,22.6,11.5,1.6,7,21,22.2,11.3,1.2,6,18
21-06-20,23.9,14.1,0,11,24,23.1,13.1,0,6,26,22.6,14,0,10,30,22.7,12.8,0,7,19
22-06-20,23.9,10.3,0,8,20,23.6,8,0,4,16,23.3,8.8,0,7,19,22.6,7.1,0,5,18
23-06-20,28.6,11.8,0,6,17,28.6,10.4,0,3,13,28.5,11.6,0,5,18,27.5,9.5,0,4,13
24-06-20,32.6,16.7,0,8,22,31.7,14.4,0,5,18,31.5,15.6,0,8,19,31.3,13.7,0,4,17
25-06-20,33.4,18.3,0,7,23,32.6,17.2,0.2,5,18,32.6,17.2,0,8,21,31.4,13.2,0,4,14
26-06-20,31,19.4,3.6,8,24,31.2,17.9,2,4,19,30.3,17.6,3.4,7,21,29.8,16.8,1.8,5,19
27-06-20,21.4,15.3,0.6,14,30,21.5,14.8,0.8,7,28,20.6,15,0.8,12,29,19.9,14.3,1,9,29
28-06-20,22,12.3,1.8,15,33,21,11.9,2.8,7,25,20.5,11.7,2.2,14,29,20.2,11.1,1.8,9,27
29-06-20,21.7,12.2,0,16,31,20.6,11.2,0,8,26,20.1,12,0,15,35,19.6,11.3,0,9,27
30-06-20,20.1,12.8,0.6,10,19,19.4,12.5,1.6,5,15,19,12.7,0.2,9,22,19.3,10.5,3.2,5,16
01-07-20,22.6,13.7,2,11,25,21.5,13.9,1.2,5,21,21.2,13.9,0.4,11,24,22,12,3.8,6,19
02-07-20,22.5,11.9,2.4,9,23,21.9,10.8,1.6,4,18,21.3,11.3,3.2,8,21,20.3,10.6,8.8,5,23
03-07-20,22.5,12.1,3,14,29,21.8,11.7,2.6,6,24,21.5,11.7,3.6,12,28,20.4,10.6,1.2,8,25
04-07-20,21.4,14.5,0,14,26,20.6,14.3,0,7,22,20.7,14.2,0.2,12,27,19.7,14.1,0,9,24
05-07-20,23,16.8,0,20,34,22,16.8,0,10,30,21.2,16.4,0,18,38,21,15.9,0,10,29
06-07-20,20.5,11.4,0,9,24,20.5,11,0,6,23,20,11.6,0,10,26,20.2,10.3,0,6,20
07-07-20,22.6,11.3,8.2,7,20,21,8.1,9.8,3,19,20.2,8.6,9,6,21,20.4,7.8,4.8,5,16
08-07-20,20.4,13.2,2.2,7,16,20,13.4,2,4,15,19,13.3,4.8,6,15,20.6,13.8,0.8,5,15
09-07-20,20.6,15.7,2.8,10,21,20.3,15.7,2.6,5,18,19.8,15.5,6.8,9,21,20.4,15.3,0.6,7,21
10-07-20,19.7,12.3,0,7,19,19.7,12.6,0,6,20,19,12.3,0,8,21,19,12.3,0,7,21
11-07-20,21.5,8.7,0,5,17,21.7,7.4,0,4,17,20.1,7.9,0,6,18,21.2,5.2,0,4,19
12-07-20,25.2,9.9,0,4,21,25.1,7.5,0,2,13,24,8.1,0,4,16,24.1,4.9,0,3,14
13-07-20,26.2,12.7,1.2,7,20,25.8,9.2,1.4,4,19,24.4,10.2,0.8,7,22,26.2,8,2.2,5,16
14-07-20,23.1,15.2,0,5,13,21.6,15.1,0,4,13,21.1,15.1,0,6,17,22.1,14.6,0,4,14
15-07-20,19.4,13.5,0,6,17,19.1,12.4,0,4,14,18.8,12.1,0,6,15,19.8,11.9,0,3,12
16-07-20,24.1,16,0,6,17,23.9,16.1,0,5,17,23.6,15.6,0,7,17,24.5,15.2,0,4,14
17-07-20,28.5,16.9,0,7,19,28,15.9,0,4,17,27.4,16.8,0,6,19,28,15.4,0,4,14
18-07-20,26.3,15,0.8,8,21,26.1,13.9,0.8,4,17,25.1,14.5,1,7,19,26.3,12.5,0.8,4,16
19-07-20,21.4,14.1,0,6,14,20.9,14.2,0.2,3,15,20.7,13.9,0,7,17,20.5,14.2,0.4,3,13
20-07-20,22.6,10.5,0,5,17,22.6,9.5,0,3,13,21.5,9.6,0,6,17,22.2,6.6,0,4,14
21-07-20,22.7,10.2,0,4,17,22.8,9.7,0,3,15,22,8.2,0,5,15,22.5,5.5,0,3,14
22-07-20,26.3,13.6,0,7,19,25.5,12.3,0,3,18,26.2,13,0,7,19,25.4,9.2,0,4,17
23-07-20,26.6,13.3,0,9,22,26.3,10.8,0,5,17,26.6,13.2,0,9,23,26.1,10.8,0,6,19
24-07-20,25.6,16.1,0,9,20,25.9,16.2,0,4,15,24.4,16,0,8,18,25.1,14.4,0.4,5,17
25-07-20,23,17.4,7.6,10,25,22.9,17,10,5,18,23.8,17.3,8.6,9,25,21.8,16.7,6.8,6,20
26-07-20,23.7,12.5,4,9,26,23.2,11.6,3,5,20,22.3,11.3,3.4,8,24,23.2,11.5,2.2,6,20
27-07-20,21.6,15.5,1,11,27,21.2,15.5,1.4,6,27,21,15.4,0.6,10,25,21,15.3,0,8,23
28-07-20,21.6,12.4,0,10,25,21.2,12.6,0,6,23,21.4,12.1,0,10,24,21.4,11.4,0,6,22
29-07-20,24.5,9.5,0,6,16,24.2,6.8,0,3,17,23.7,7,0,5,20,23.9,6.1,0,4,13
30-07-20,29.8,12.9,0,5,17,29.6,10.9,0,3,11,29.2,12.1,0,4,16,28.7,9.5,0,3,13
31-07-20,37.8,16.5,0,9,30,37.3,14,0,5,21,36.8,15.6,0,8,24,36.2,12.7,0,6,22
01-08-20,27.7,15.7,0,11,21,26.6,16.2,0,6,18,26.5,15.7,0,10,22,27,13.9,0,6,17
02-08-20,25.4,11.6,0,9,23,24.9,11.4,0.2,5,18,24,11.5,0,9,21,24.3,10.2,0,6,19
03-08-20,23.5,13.8,0,6,17,23.3,13.3,0,4,17,22.6,12.9,0,7,20,23.3,10.2,0,4,16
04-08-20,24.9,11,0,8,22,24.2,9.6,0,4,19,23.7,9.3,0,8,21,23.5,6.5,0,5,18
05-08-20,26.8,15.6,0,12,25,26.2,15,0,6,21,26.2,15.6,0,11,25,25.7,14.2,0,8,26
06-08-20,29.7,18.2,0,7,18,29.9,18.4,0,3,14,29.7,18.2,0,6,16,30.1,18.1,0,4,14
07-08-20,36.4,15.9,0,4,19,36.4,13.2,0,2,17,36.1,13.8,0,3,19,36.1,11.3,0,3,17
08-08-20,33.4,20.7,0,6,17,32.7,18,0,4,15,32.3,19.7,0,8,19,32.4,16.8,0,3,12
09-08-20,33.8,17.3,0,7,19,33.5,17.4,0,5,15,33.5,17.2,0,9,19,32.8,17.1,0,4,14
10-08-20,35.5,18.7,0,7,18,35.4,19.6,0,4,14,35.3,18.3,0,7,17,34.4,18.6,0,4,17
11-08-20,35.7,21.2,0,4,17,35.4,19.2,0,2,13,35.2,19.3,4,4,15,35.4,16.4,0,3,13
12-08-20,35.4,21.7,1.4,5,26,34.9,19.1,16.6,3,27,34.5,19.9,0.2,5,22,34.9,17.3,20.4,3,35
13-08-20,28.4,19.3,1.8,6,17,28.5,20,2.4,3,14,27.2,19.7,14,8,21,28.6,19.1,9,2,12
14-08-20,20.2,17.2,0.8,5,14,19.8,17.4,0.8,3,11,19.2,17.1,1.8,No data,No data,19.9,17.3,1,3,10
15-08-20,21.1,16.5,0,4,11,20.2,17.1,0.8,2,11,20.1,16.4,12,5,14,19.9,16.9,0.2,2,7
16-08-20,24.8,17.3,0.8,4,14,24.8,17.7,0,2,14,24.2,17,0,4,14,23.2,17.1,0.4,3,14
17-08-20,25.1,15,3.4,6,20,23.7,14.5,1.8,3,12,23.8,14.3,3.6,4,23,23.9,12.9,0.6,4,17
18-08-20,25,16.2,5,9,27,24.5,15.9,1.4,4,17,24.2,15.8,9,8,34,24.2,14.7,4.2,6,20
19-08-20,20.6,14.8,11.6,8,19,20.9,14.1,13.4,4,14,20.4,14.7,12,7,20,20.5,14.1,12.2,6,19
20-08-20,25.8,16,0,10,28,25.3,15.3,0,5,19,24.8,15.5,0,9,25,24.7,14.7,0,6,22
21-08-20,23.9,17.5,0,19,42,23.5,14.8,0,9,34,23.2,17.1,0.4,17,40,23,13.8,0,12,33
22-08-20,24.4,16.3,0.2,15,33,23.5,16,0,7,24,23.4,14.9,0,13,30,22.9,15.6,0,9,24
23-08-20,23.6,14.7,0,12,25,22.7,14.9,0,6,22,22.5,14.7,0,11,24,21.2,13.4,0,6,19
24-08-20,23.7,13.5,13.4,8,17,23.7,12.9,14.2,4,14,22.7,12.9,11.8,7,15,22.8,11.9,12.4,5,16
25-08-20,22.4,15.5,1,18,43,21.8,15.4,1.4,8,31,22.1,15.3,1.8,15,37,21.2,15.2,0.8,12,33
26-08-20,23.6,15.2,0,14,39,22.1,15.6,0,7,29,21.9,15.3,0,13,37,22.5,14.5,0,7,29
27-08-20,18.3,12.9,11.6,6,18,18.1,11.3,6.2,3,15,18.4,12.3,12.6,6,18,18,11.1,20.8,4,14
28-08-20,20.3,12.9,6.8,7,25,20.2,12.8,2.2,5,22,20,12.7,6.2,7,29,19.7,11.2,4.4,5,21
29-08-20,16.3,11.2,0.4,9,23,15.7,11.6,0,7,24,15.5,11.1,0.8,12,29,15.9,10.7,0.8,9,23
30-08-20,17.9,11.6,0,7,21,17.5,12,0,5,19,17.1,11.5,0,9,22,17.4,11.3,0,5,18
31-08-20,18.4,8.1,0,3,10,17.8,6.6,0,1,8,18.7,7.1,0,3,9,17.6,5.4,0,2,8
01-09-20,20.9,6.6,0,3,13,21.5,5.1,0,2,10,20.2,5.5,0,3,12,20.3,3.1,0,2,9
02-09-20,20.4,9.1,1,6,18,21.1,7.6,1.2,3,14,20.9,7,1,5,17,20.4,5.6,0.6,4,16
03-09-20,22.4,15.4,1.4,12,25,22.1,15.2,0.6,5,18,22.2,15.1,1.2,10,24,22.8,15,0.2,8,21
04-09-20,20.8,12.4,0.6,9,18,20.5,11.5,1.8,4,15,19.2,12.4,0.4,8,18,19.5,11.8,0.4,5,14
05-09-20,20.1,9.5,0,No data,20,19.7,9.1,0,4,16,18.8,8.5,0,6,17,19.2,8.6,0,4,15
06-09-20,20.5,10.1,0,5,14,19.9,8.3,0,3,14,19.5,7.6,0,4,16,20.2,7.7,0,3,12
07-09-20,21.9,9.9,0,9,22,21.6,8.5,0,4,18,21.1,8.3,0,7,22,21.2,7,0,4,17
08-09-20,25.7,13.7,0,8,16,25.5,13.1,0,No data,No data,25,13.7,0,8,16,24.7,13.3,0,4,12
09-09-20,22.3,14.3,0,7,16,22.2,14.2,0,No data,No data,22.6,14.2,0,6,15,22.4,12.7,0,4,12
10-09-20,20.3,9.1,0,3,13,20.6,8.2,0,No data,No data,19.8,7.6,0,4,12,19.1,5.8,0,2,12
11-09-20,20.3,8.7,0.2,7,20,19.7,6.7,0,No data,No data,19.6,6.3,0,6,20,19.4,4.7,0,4,16
12-09-20,22.7,12.3,0,9,19,22.4,11.3,0,No data,No data,21.6,11.8,0,8,19,21.9,10.1,0,5,15
13-09-20,25.5,12.8,0,7,16,25.9,11.4,0.2,No data,No data,25.4,11.9,0,6,17,24.9,11.8,0,4,14
14-09-20,29.5,11.3,0,4,14,29.5,8.9,0,No data,No data,29.4,8.7,0,4,15,28.4,6.5,0,2,11
15-09-20,29.4,14.8,0,4,13,29.6,13.5,0,No data,No data,29.3,13.2,0,4,12,28.8,10.3,0,2,10
16-09-20,26.5,18.5,0,7,21,26,17.5,0,No data,No data,26,17.8,0,9,22,25.6,16.5,0,4,17
17-09-20,22.5,12.8,0,9,23,22,12.8,0,No data,No data,21.8,12.4,0,11,22,21.4,12.4,0,5,19
18-09-20,21.9,9.7,0,8,27,21.6,10.8,0,No data,No data,21.4,9.8,0,11,26,20.5,6.2,0,4,21
19-09-20,25.2,12.6,0,9,24,25.1,13.4,0,No data,No data,24.2,12.6,0,12,24,23.7,10.2,0,4,21
20-09-20,25.2,13.7,0,7,17,25.6,14.1,0,No data,No data,24.4,13.7,0,9,19,24.1,12,0,3,14
21-09-20,24.8,13.8,0,3,10,25,13.9,0,No data,No data,24.6,13.3,0,3,10,23.7,10.8,0,2,7
22-09-20,25.7,12.2,1,No data,22,25.4,10.3,1,No data,No data,25.1,11,2,6,22,24.5,9.1,2.8,4,19
23-09-20,18.6,15.2,7,10,25,18.7,15.3,7,No data,No data,18.1,15.1,8.4,8,23,18.1,14.4,6.4,6,20
24-09-20,16.8,8.1,3.6,8,36,17.4,6.6,2,No data,No data,17.3,7.1,2.6,6,28,16.4,7.3,2.4,5,24
25-09-20,15,6.4,0,13,33,15.3,5.6,0.2,No data,No data,14.9,5.1,0,15,40,14.6,3.4,0,10,32
26-09-20,13.6,6.6,0,11,29,13.4,6.7,0,No data,No data,13,6.3,0,14,28,13.2,5.5,0,9,26
27-09-20,14.5,9.5,0,9,27,13.9,9.8,0,No data,No data,14.7,9.2,0,12,28,13.9,9.5,0,8,26
28-09-20,18.2,7.7,2,6,15,18.5,8.5,4,No data,No data,17.5,7.3,2.6,6,14,17.5,5.6,3,4,13
29-09-20,19.6,10.8,0,5,14,19.4,11,0,No data,No data,18.6,10.5,0,4,15,19.2,10.8,0,3,12
30-09-20,18,9.9,3.2,8,24,17.4,7.6,3.6,No data,No data,17.7,9.8,5.6,7,25,17,9,4.2,6,23
01-10-20,16.3,10.9,4.4,7,19,16.6,10.2,6.8,No data,No data,16,10.6,6.6,6,19,15.8,9.8,6.8,4,13
02-10-20,14.2,9.8,38.4,11,37,14.5,9.1,44.6,No data,No data,14.2,9.8,38,12,35,14,9.5,46.6,5,22
03-10-20,15.8,12.1,23.4,8,22,15.2,12.2,25.6,No data,No data,16.3,12,25.8,9,23,16.2,11.7,25.6,5,16
04-10-20,12.2,8.8,3.4,12,26,11.1,8.9,5.4,No data,No data,11.6,8.7,5,11,24,11,8.6,7.4,7,23
05-10-20,18.5,9.1,3,11,26,18.2,8.4,5.8,No data,No data,18.1,8.2,5,9,22,17.9,7.6,1.8,6,21
06-10-20,17.4,10.8,0,13,30,17.1,10.7,0.4,No data,No data,16.5,10.2,0.4,11,30,16.5,9.9,0.4,7,28
07-10-20,16.9,8.2,3.8,10,25,16.5,8.4,5,No data,No data,16.3,8.2,5.6,8,23,15.9,7.7,2.4,6,20
08-10-20,17.2,11.2,0.2,10,29,18.8,11.3,0.2,6,24,18,10.9,2.8,10,28,17.6,11.2,0.4,7,25
09-10-20,15.1,6.2,1.8,No data,No data,15,4.5,5.4,4,20,14.8,3.8,2,6,20,14.6,4.7,0.6,4,18
10-10-20,14,4.8,0,No data,No data,14.1,2.7,0.2,No data,19,14.1,4.4,0,9,23,13.8,3.3,0.4,5,17
11-10-20,14.5,8.1,0,No data,No data,14.5,5.9,0,No data,17,14.3,6.4,0,7,17,13.6,5.6,0,4,15
12-10-20,13.5,6.2,3.8,No data,No data,13.5,4.7,5,No data,No data,13.7,4.3,3.4,4,17,13.2,4.2,4.4,3,14
13-10-20,12,6,2.2,No data,No data,11.6,5.1,6.2,No data,No data,11.8,5.3,2.4,7,18,11.1,3.8,3.4,4,12
14-10-20,14.8,8,1.8,7,21,14.7,8.2,1,No data,No data,14.3,7.7,2.6,9,21,15,6.3,0.4,3,16
15-10-20,13.4,7.7,1,7,19,13.7,7.8,0.6,No data,No data,12.7,7.5,0,9,22,13.9,5.3,0.4,3,15
16-10-20,14.2,7.2,0,5,15,14.1,4.8,0,No data,No data,13.5,6.7,0,6,17,13.8,1,0,1,13
17-10-20,12.5,9.4,0,4,11,12.7,8.4,0,No data,No data,12.3,9.4,0,5,17,13,5.4,0,2,9
18-10-20,12.9,5.9,0,3,7,13.1,6.5,0,No data,No data,13.1,6.5,0,2,8,12.7,1.3,0,1,5
19-10-20,16,7.5,1.6,9,23,16.3,6.8,0.8,No data,No data,16,8.1,1.2,8,23,15.8,5.9,1.2,6,21
20-10-20,18.8,11.8,8.6,10,28,19,11.4,9.4,6,21,18.7,11.6,10.2,9,26,18.8,11.9,5.8,8,23
21-10-20,16,14,9,8,25,15.9,14.1,7.8,4,24,15.9,14.1,9.8,7,26,16,13.9,7.4,5,23
22-10-20,16.9,11.5,0,8,24,14.9,11.2,0,4,18,16.5,11.3,0,7,21,17.3,11.3,0.6,5,18
23-10-20,16.7,10,0,9,22,16.3,9,0,4,18,16.4,10.7,0,8,27,15.8,8,1,5,19
24-10-20,16.2,7.9,21.2,12,36,16.2,5.2,12,6,31,16.2,6.6,22.6,11,34,15.8,7,13.6,9,34
25-10-20,12.9,7.3,0.4,8,20,13.4,6.3,1.4,4,20,12.9,7.6,0.4,7,21,12.6,6.9,1.2,5,17
26-10-20,13.4,6.4,0.8,8,22,14.2,5.4,0.8,4,21,14,5.6,0.4,8,23,13.9,6.6,0.6,6,18
27-10-20,14.1,4.9,0.8,9,28,14.1,4.1,2.6,5,22,14.1,4.3,2.2,8,26,14,6.5,2.2,7,26
28-10-20,13.8,7.9,2,12,39,14,7.4,3.2,5,25,13.8,7.3,1.8,9,35,12.9,7.6,2.4,7,35
29-10-20,15.5,7.5,3.2,12,28,15.7,7.5,4.2,6,23,15.6,7.4,4.4,10,26,15.3,7.8,3.4,8,25
30-10-20,16.2,11,0.2,12,25,16.3,10.7,0.8,6,23,16.4,10.7,1.2,11,24,15.9,10.8,0.2,9,26
31-10-20,15.5,13.4,7.2,12,33,16,13.5,6.6,No data,No data,15.5,13.4,9.4,11,33,15.4,13.3,8,9,29
01-11-20,17.2,10.2,0.4,15,37,17.4,9.5,0.8,8,27,17.4,10.1,0.4,13,31,17.1,9.6,2,11,33
02-11-20,17.1,14.9,5.6,18,42,17,15.1,4,9,33,16.9,14.4,3.8,17,37,16.5,15.2,3.2,11,36
03-11-20,11.4,6.2,0,10,26,11.1,4.6,0.2,5,24,11,5.3,0,7,24,10.9,5.5,0,6,28
04-11-20,12.3,0.9,0.2,3,10,12.5,-0.5,0.2,2,9,11.7,-1,0,2,10,11.3,-1.6,0.2,2,8
05-11-20,10.8,1.4,0.2,2,5,10.7,0.2,0.2,1,6,10.5,-0.4,0,1,4,9.3,-1.2,0.2,1,6
06-11-20,11.9,0.6,0,5,17,12.3,0,0,4,15,12,-0.7,0,5,17,12,-1.5,0,2,12
07-11-20,15.3,4.1,0.2,4,11,15.3,2.9,0.2,3,9,15.9,2.3,0.2,4,12,15.4,1.7,0,2,7
08-11-20,14.1,7.7,2.2,3,8,15.7,7.6,3.2,2,7,14.7,7.8,1.6,3,11,14.1,5.9,1.6,2,8
09-11-20,16.3,9.3,6.6,5,13,17,9.3,4,2,10,16.5,8.7,6,4,11,16.5,9.2,7,4,13
10-11-20,16.1,9.7,0.2,4,11,16.1,8.5,0.2,2,7,16.2,8.7,0.2,3,10,16.8,9.4,0.2,3,10
11-11-20,13.9,6.1,6.4,10,29,13.4,5.4,4,5,23,13.4,5.1,5.8,8,26,13.3,7.1,6.8,8,35
12-11-20,13.6,9,0,10,24,14,8.9,0,5,18,13.8,9.2,0,9,25,14,9,0,7,21
13-11-20,13.9,9.4,2.4,8,22,14,8.9,2.6,4,20,13.8,9.6,2.2,7,27,14.1,9.4,2,5,19
14-11-20,14.1,8.4,21.4,9,33,14.6,7.5,12.4,6,25,13.9,9.2,16.6,10,30,14.2,8,14.2,10,28
15-11-20,12.5,11.6,1,12,37,13,11.5,2,6,27,12.7,11.5,1,11,38,12.9,11.3,2,9,28
16-11-20,13.1,7.3,0.8,10,27,13.2,7,1.4,6,25,13.1,7.2,2,11,26,13.1,6.9,0.4,8,23
17-11-20,14.6,9.4,0,11,23,14.6,9.9,0,6,22,14.5,9.6,0,10,21,14.3,9.3,0,8,22
18-11-20,15.9,11.1,0.6,12,31,16.4,11.1,0.4,7,27,15.7,11.2,0,11,33,15,11.4,0.4,8,23
19-11-20,10.6,7.8,0.4,10,28,10.4,7.8,0.8,6,23,10.3,7.8,0.8,10,26,10.3,7.6,0.6,7,26
20-11-20,10.9,0.8,0.8,6,19,10.9,-0.5,1.4,3,14,10.9,-0.6,1.2,5,18,10.9,-0.8,1,5,15
21-11-20,12.5,4.2,0.2,13,27,12.3,2.5,0.2,6,24,12.6,3.2,0.6,12,30,12.1,2.5,0,8,23
22-11-20,11.1,7.6,0.2,5,16,11.9,6,0,3,14,11.9,5.6,0,4,15,11.6,8.8,0,3,15
23-11-20,10.8,1.9,0,4,13,11.1,0.8,0,2,10,10.8,-0.3,0,3,13,11.1,0.1,0,3,12
24-11-20,12.4,3.6,0,8,20,12.7,2.2,0,4,18,12.7,1.6,0.2,7,19,12.2,2.4,0,7,19
25-11-20,13.7,7.1,0.2,6,17,13.7,7.2,0.2,4,15,13.2,8.2,0,5,13,14.9,9.1,0.2,5,18
26-11-20,8.9,4.1,0,2,7,9.5,3.7,0,1,6,8.7,3,0,3,8,8.4,3.6,0.2,1,5
27-11-20,8.5,-1.7,0.2,3,10,8.8,-2.8,0,2,11,8.5,-2.6,0.2,3,9,8.4,0.6,0,2,7
28-11-20,10,-0.5,0,5,13,10.2,-1.6,0,4,13,10.5,-1.5,0,6,19,11.3,1.6,0,3,12
29-11-20,8.2,8.1,0,4,10,8.6,8.1,0,2,9,7.5,7.4,0,4,10,8.5,7.9,0,3,9
30-11-20,10.5,4.4,0,8,29,10.6,4.6,0.4,5,27,10.4,4.5,0,8,28,10.3,4.1,0.2,5,22
01-12-20,7.9,3.1,0,5,16,8.6,3.6,0,5,16,7.7,1.8,0,6,17,8.1,2.8,0,5,16
02-12-20,6.9,2.1,1.4,4,11,6.8,1.1,2,2,9,6.6,1.1,1.6,4,10,6.6,1.1,2,3,9
03-12-20,7.3,3,14,6,18,7.1,3.1,17.8,3,13,7,3.5,16,5,15,7.1,2.7,15.3,4,17
04-12-20,5.7,3,0,10,22,5.8,1.7,0.4,6,17,5.5,3.1,0.2,9,21,5.4,1.9,0.3,6,18
05-12-20,8.1,3,0,8,23,8.6,2.5,1,5,16,8.9,3.2,0,9,20,8.4,3.1,0.4,5,23
06-12-20,5.2,1.6,0.2,4,12,6,2.4,0,2,10,5.4,1.4,0,5,12,5.3,1.5,0,3,8
07-12-20,2.3,-0.4,3.2,3,8,3.1,-0.1,2.6,2,6,2.1,-0.5,0.8,3,7,2.4,-0.3,1.9,2,6
08-12-20,5.4,-0.6,1.8,3,9,5.3,-0.3,2.6,2,7,5.1,-1.4,1.8,2,7,5.7,-1.1,1.5,2,9
09-12-20,7.1,-0.4,0,7,14,7.3,-0.2,0,3,12,7.1,-0.9,0,6,11,7.1,-1.1,0,4,13
10-12-20,9.5,4.4,8.6,9,18,9.5,4,7.4,5,16,9.3,4.5,9.8,8,16,9.6,3.7,6.8,6,19
11-12-20,11.2,6.6,0,5,15,11.3,6.7,0.4,2,12,11.3,6.7,0.2,4,15,12.1,6.6,0.8,4,20
12-12-20,9.8,6.9,0.4,8,20,9.7,5.4,0.4,5,18,9.5,5,0.6,7,22,9.9,7,0.5,4,20
13-12-20,12,0.4,5.4,9,21,12.2,-0.1,6.2,5,19,11.7,-0.1,6.6,7,19,12.2,0.2,7.4,8,26
14-12-20,12.6,5.5,1.8,10,32,12.7,5.4,5.2,5,19,13.3,5.5,2,9,28,11.8,6.1,4.4,8,25
15-12-20,11.6,5.5,1,7,18,11.8,5.3,0,4,13,11.9,7.3,0.6,7,18,11.9,7.6,0.3,6,18
16-12-20,10.6,6.6,3.4,9,22,10.7,5.4,3.6,5,20,10.7,6.9,4.4,8,23,10.4,7.6,3.8,8,25
17-12-20,11.6,5.8,0.4,8,21,12.1,5.5,0.2,4,17,12,5.5,0.2,7,18,11.9,6.3,0.8,6,20
18-12-20,12.1,7,4.8,13,28,12.2,6,3,8,27,12.2,6.4,2.8,13,26,11.9,7.5,3.6,11,28
19-12-20,12.4,9.8,5.6,11,26,12.7,9.7,3.6,6,21,12.1,9.7,4.6,10,25,12.4,9.6,6.6,9,29
20-12-20,10.5,6.1,1.6,9,21,11.2,5.1,1.8,4,16,10.9,6.1,2.8,8,22,10.9,6.3,2,6,20
21-12-20,13.9,5.1,2,11,26,14,3.5,2.6,5,21,13.9,5.3,3,10,21,13.8,4.8,1,9,22
22-12-20,11.7,9.9,0.8,7,35,11.7,10,1.4,4,25,11.7,9.8,1,6,29,13,10.5,1,5,25
23-12-20,13.9,10,2,7,25,14,9.6,3.6,3,21,13.8,9.4,4,6,32,13.9,10.7,2.8,5,22
24-12-20,5.5,3.7,0,10,30,5.7,4,0,8,27,5.3,3.2,0,13,30,5.3,3.7,0,9,26
25-12-20,5.5,0.1,0,6,15,5.1,0.3,0,4,17,5.5,-0.4,0,6,17,5.9,-1.7,0,4,16
26-12-20,10.7,-0.2,13.2,12,43,10.8,-1.2,11.8,6,34,10.8,-1.8,13.2,11,37,10.6,-0.7,14.6,9,34
27-12-20,6.9,5.5,0.6,13,47,7.9,5.1,0.8,6,39,7.7,5.4,0,11,44,7.6,5.9,0.8,8,43
28-12-20,3.6,-1.6,0.2,5,14,3.5,-2.1,0,3,13,3.1,-2.8,0,5,15,4,-1.3,0.4,4,13
29-12-20,4.3,0.4,0,5,14,4.6,-0.4,0,4,13,4.1,-1,0,6,13,4,0.5,0,4,12
30-12-20,5.5,-0.4,0,5,13,5.3,-2.1,0,3,12,5.1,-1.5,0.2,4,11,5.6,-0.5,0,3,11
31-12-20,1.4,-3.2,0,4,10,1.5,-3.4,0,3,9,1.1,-4.2,0,4,10,1,-3.6,0,3,8
01-01-21,4.5,-1.7,0.6,4,9,4.7,-1.5,0.8,3,11,4.3,-1.5,0.6,4,10,4,-1.7,1.8,2,10
02-01-21,5.2,0,0,4,12,5.6,0.3,0,3,12,5.3,-0.1,0,5,13,4.9,-0.5,0,3,9
03-01-21,5.9,0.7,0.2,6,17,6.2,0.9,1.6,3,15,5.8,0.1,0.2,8,18,6.2,0,1.6,3,15
04-01-21,5.4,2.6,0,10,29,No data,3.4,0.2,No data,No data,5.3,2.1,0,12,28,4.9,2.1,0.6,7,22
05-01-21,4.6,1.8,0.4,9,22,No data,No data,1.8,No data,No data,4.5,1.7,0.4,11,22,4.3,1.6,7.6,6,18
06-01-21,6.1,2.7,0,6,18,No data,No data,0,No data,No data,5.9,2.5,0,8,19,5.5,2.1,0.4,3,14
07-01-21,2.3,-0.3,0,5,12,No data,No data,0,No data,No data,3.6,-0.9,0,5,10,2.4,No data,0,No data,No data
08-01-21,2.7,-2.1,0,3,11,No data,No data,0,No data,No data,2.4,-1.9,0,4,11,2.8,-1.8,0,2,10
09-01-21,2.7,-0.5,0,4,10,No data,No data,0,No data,No data,3.3,-0.9,0,4,10,1.9,-0.5,0,2,8
10-01-21,6.2,-2.1,0,6,11,No data,No data,0,No data,No data,6,-2.4,0,5,10,6.1,-2.3,0,3,9
11-01-21,9.4,-0.7,6,13,31,No data,No data,6.6,No data,No data,9.5,-0.5,7.6,11,31,9.7,-1.5,4.4,8,22
12-01-21,8.9,5.9,0.6,7,25,7.3,No data,0.6,No data,No data,8.4,5.7,0.4,8,23,9.1,6.1,0.6,5,26
13-01-21,10,0.4,11.8,6,21,9.9,-0.2,17.6,No data,No data,9.9,-0.4,14.8,4,15,10.2,-0.1,5.6,5,16
14-01-21,6,4.3,4,6,15,5.9,3.6,3.6,No data,No data,5.5,3.9,3,7,17,9.8,5.6,4.6,4,15
15-01-21,4.1,0,4.8,4,15,3.9,0.4,4.6,No data,No data,5,-0.5,3.8,4,12,4.6,-0.5,3.8,2,10
16-01-21,8.4,-0.8,1,8,23,8.8,-2.1,1.4,No data,No data,8.6,-1.9,1.4,7,20,9.1,-1.9,0.4,7,24
17-01-21,8.2,2.4,0,7,19,8,2.1,0,No data,No data,7.6,2.7,0,7,20,7.9,3.3,0,5,17
18-01-21,11.5,0.7,2,7,26,11.9,-0.4,2.2,No data,No data,11.6,0.3,3.6,7,19,11.6,1.9,2.2,6,21
19-01-21,12.1,2.9,1,17,35,12.2,2.5,1,8,25,11.9,2.4,0.6,15,31,11.3,3.3,2.4,11,29
20-01-21,10.1,9.6,5.8,17,34,10.6,9.5,4.6,10,31,10.1,9.6,6.2,16,34,9.9,9.1,8.6,13,36
21-01-21,8.3,3.6,0,13,35,8.9,3.8,0,7,29,8.2,3.6,0,12,34,9.5,3.7,0,8,30
22-01-21,8.2,-0.6,1.2,6,16,8.9,-2,1.6,3,15,8,0.2,1.2,6,17,8.9,-0.6,2,4,14
23-01-21,4.8,-0.9,0,5,17,5.1,-1.8,0,3,17,4.2,-1.3,0,4,16,4.8,-2.2,0,3,15
24-01-21,1.5,-3.5,7.6,5,14,1.6,-3.9,6,3,12,1.3,-4.3,6.2,4,14,1.9,-3.8,5.1,3,14
25-01-21,5.1,-2.7,0.2,7,17,5.6,-3.8,0,4,15,4.8,-4.9,0,6,16,5.3,-5,0.1,4,15
26-01-21,7.6,-3,2.2,5,18,7.4,-3.2,2,3,15,7.7,-3,1.8,4,17,7.9,-2.6,1.6,5,19
27-01-21,11.2,0.6,20.4,5,12,11.1,-0.8,20.8,2,9,11.5,-0.6,17.2,4,11,11.5,-0.5,16.8,3,11
28-01-21,13.5,7.6,5.2,10,26,13.5,7.3,7,5,23,13,7.7,6.2,9,27,13.6,7.5,7.4,7,25
29-01-21,11.5,8.3,16.6,10,28,11.4,8.2,19.4,6,24,11.2,8.5,18.2,10,24,11.5,8.1,8.6,7,22
30-01-21,5.4,5.4,3.6,10,30,5.2,5.2,3.6,7,26,4.9,4.9,2.6,12,29,5.6,5.6,2.6,6,23
31-01-21,4.1,0.1,1.4,7,21,4.3,1.2,2,5,18,4.1,0.2,1,8,17,3.8,-0.6,2.4,3,19
01-02-21,10.1,1.3,4.6,4,11,10,1.6,5.6,3,11,9.1,1.2,5.4,5,12,10.6,0.3,2.2,3,10
02-02-21,13.5,3.3,1,10,25,13.6,3.4,0.4,5,22,13.2,3,0.8,9,25,13.3,3.1,0.2,8,24
03-02-21,10.4,7.2,0.2,8,21,10.8,6.9,0.8,4,21,10.6,8,0,7,20,10.4,7.2,4.6,5,22
04-02-21,9.1,1.4,6.4,6,14,9.3,0.4,14.4,3,11,9.1,-1.1,7.6,5,15,9.7,2.1,7.2,5,16
05-02-21,10.8,4.4,1.8,6,15,11.7,4.7,2.8,3,14,11.1,2,3,5,14,11.1,4.4,3.2,4,15
06-02-21,8.3,3.9,5.8,5,19,8.6,4.1,5.2,3,16,8.5,4.1,6.2,5,18,7.9,2.9,7,2,16
07-02-21,2.5,2.4,0,12,32,2.5,2.4,0.4,7,29,2.3,2.3,0,15,31,2.3,2.3,0,9,26
08-02-21,-0.5,-1.9,1.5,11,30,-0.4,-1.7,0.2,6,26,-0.6,-1.9,2.3,12,31,-0.8,-1.9,0,7,21
09-02-21,0.4,-1.5,2.5,9,21,0.5,-1.3,0.4,6,20,0.3,-1.6,3,10,24,0.6,-1.5,0.4,5,19
10-02-21,3,-2,0.6,7,19,2.8,-1.2,0.4,5,17,2.9,-2.2,0,9,20,2.7,-3.1,0,4,17
11-02-21,1.2,-3.8,0,10,25,1.8,-2.6,0,6,20,1.9,-5.2,0,9,23,0.8,-4.2,0,5,22
12-02-21,2,-1.5,0,14,29,2.2,-1.2,0,10,26,2.2,-1.3,0,15,29,2.1,-1.7,0,7,23
13-02-21,1.8,-4.2,0,12,25,2.1,-3.9,0,8,22,1.9,-3.9,0,12,23,1.7,-4,0,7,23
14-02-21,7.9,-2.8,3.2,13,27,8,-2.7,3.8,7,21,7.8,-2.7,4.2,11,25,8.3,-2.9,3.8,10,25
15-02-21,13.2,1.7,1,8,20,13.9,1.8,1,4,16,13.4,1.7,0.8,6,18,13.3,1.5,1,7,18
16-02-21,11.4,7.9,2.6,10,20,11,7.6,2.6,6,20,11.6,7.8,3.2,9,20,11,8.2,1.4,8,24
17-02-21,11,7.2,2.4,12,25,12,6,1.6,7,25,11.4,6.8,2.2,11,25,11.2,7.6,2.4,10,26
18-02-21,10.7,7.6,1.4,12,28,11.2,8.2,1,7,23,10.9,7.8,1.6,11,26,11.2,8.2,1.2,9,28
19-02-21,12.3,4.1,0,11,26,12.6,3.4,0,7,24,12.6,4.1,0,11,26,12.4,4.7,0.2,10,29
20-02-21,14.4,7.9,0.6,11,24,15,8.3,0,7,26,14.7,8.1,0.4,11,24,14.2,8.1,0.4,11,28
21-02-21,13.7,10,0,6,18,14.9,9.6,0,3,15,14,10.1,0,5,17,13.6,9.5,0,4,18
22-02-21,10.2,7.2,0.6,3,9,11.2,5.8,0.6,2,9,10.3,5.8,0.6,2,9,10.7,6.3,1.2,2,10
23-02-21,14.4,4.6,0,11,27,14.5,3.7,0,7,26,14.7,5.2,0,11,28,14.1,3.4,0,10,31
24-02-21,15.8,8.6,0,11,26,16.3,8.3,0,7,25,16.4,8.9,0,12,24,15.5,8.4,0,9,22
25-02-21,11.8,8.9,0,7,25,12.1,9.3,0.6,4,16,11.7,8.9,0,7,23,11.8,9,0.4,4,20
26-02-21,13.1,1.2,0.2,3,12,13,-0.9,0,2,11,12,-1.5,0,3,12,12.3,-1.5,0.2,2,10
27-02-21,13.2,0.3,0,3,12,14,-1.1,0.2,2,10,13.1,-1.5,0,4,11,12.5,-2,0,2,10
28-02-21,9.4,2.9,0,5,15,9.7,0.4,0,4,15,9.3,0.4,0,6,16,9,0.1,0,4,15
01-03-21,10.2,3.6,0,7,16,10.7,4.1,0,6,17,9.9,2.8,0,9,17,10.4,3.2,0,5,16
02-03-21,8.7,3.6,0,5,12,9,4,0,3,10,8.7,3.4,0,5,12,8.7,3.5,0,3,10
03-03-21,9,3.3,8,4,9,8.6,3.2,9.8,3,8,9.3,2.2,5.2,4,9,8.7,1,2.4,2,7
04-03-21,5.9,3.8,0,6,20,6,4.1,0,4,16,5.8,3.6,0,7,17,5.6,3.4,0,4,18
05-03-21,6,1.3,0,7,19,6.8,2,0,5,17,5.9,0.9,0,8,20,6.4,0.3,0,4,16
06-03-21,6.9,0.3,0,4,14,6.4,-0.3,0,3,12,6.4,-0.5,0,5,14,6.8,-2.2,0,3,13
07-03-21,7.1,0.3,0,3,12,7.2,-0.7,0,2,13,7.2,0.3,0,3,12,6.7,-3.3,0,2,13
08-03-21,10.9,-1,0,3,13,10.9,-2.1,0,2,9,10.4,-0.9,0,3,9,10.2,-4,0,3,8
09-03-21,13.4,0.9,0,7,19,14,-0.3,0,4,17,13.7,0.1,0.2,7,18,13.7,0,0,5,16
10-03-21,11.2,5.3,4.8,14,32,11.9,5.6,3.4,8,28,11.1,4.8,8.4,14,31,11.4,4.9,2.2,11,34
11-03-21,12.3,7.1,1.4,21,44,12.6,7.3,0.4,11,38,12.1,7,1.4,20,43,11.8,7.1,1.6,13,41
12-03-21,11.1,4.5,4.8,15,36,No data,4.3,6,7,34,11.3,4.2,3.2,14,36,10.5,4.1,5.2,9,29
13-03-21,11.2,4.9,0.8,18,50,No data,No data,2,10,38,10.9,4.9,0.6,17,43,10.9,5.3,1.4,12,43
14-03-21,10.2,3.6,0.2,12,27,10.6,No data,1.4,7,25,10.1,3.9,1.2,12,28,10.3,3.4,0.2,9,27
15-03-21,12.8,7.1,0,8,21,12.2,7.3,0.6,6,23,11.8,7.1,0.4,9,25,13.1,7.1,0.2,7,23
16-03-21,14.6,6.9,0,8,25,14.4,6.8,0.2,6,23,14.2,6.5,0,9,23,14.6,6,0,6,21
17-03-21,10.3,4.3,0.8,6,20,10.3,3.3,1.2,4,14,10.1,4.1,1,6,19,9.8,2.9,0.6,4,14
18-03-21,10.5,3.3,0.8,6,23,10.1,3.6,0.6,5,20,10.4,2,0.8,7,21,10.3,2.9,0.5,5,20
19-03-21,12,6.3,0,8,21,11.4,6.2,0,5,16,11.4,6.4,0,10,20,11.7,6.5,0,5,22
20-03-21,10.8,2.9,0,4,16,10.8,2.1,0,3,16,10.7,2.7,0,5,20,10.2,-0.6,0,3,17
21-03-21,12.2,6.5,0,5,17,12.2,6.7,0,3,16,11.8,5.9,0,6,20,12.3,4.7,0,4,18
22-03-21,14.4,3.8,0,4,14,14.9,2.2,0,3,12,14.3,2.6,0,4,16,14.8,1.6,0,3,14
23-03-21,13.5,1.8,0,7,19,13.8,1.1,0,4,18,13.8,0.7,0,6,18,13.3,0.1,0,5,17
24-03-21,14,2.2,0,7,16,13.7,0.1,0.2,3,15,14,1.5,0,6,22,13.5,2.4,0.2,5,14
25-03-21,13.2,2.8,0,9,25,13.5,1.4,0.6,5,21,13.8,2.6,0.2,8,25,12.3,1.8,2.8,6,19
26-03-21,12.6,7.8,3,13,36,12.7,8.2,4.8,7,29,12.5,8.1,3.6,12,32,12.6,8.7,3.4,8,31
27-03-21,12.2,2.4,0,13,27,12.7,2.9,0,7,24,12,2.4,0,12,26,11.5,2.6,0,8,26
28-03-21,12.7,7.1,0,16,30,12.6,7.5,0,8,25,13,6.9,0,15,30,12.5,7.3,0,11,29
29-03-21,19.9,9.7,0,10,23,20.2,9.7,0,5,21,20.2,9.8,0,10,22,19.3,9.4,0,7,21
30-03-21,23.8,3,0,3,13,24.5,1.6,0,2,12,24.1,1,0,3,14,23.5,0.7,0,3,15
31-03-21,19.8,7.4,0,2,12,20.2,5.2,0,1,9,20.8,5.2,0,2,9,21.3,4.1,0,2,9
01-04-21,15.1,7.9,0,9,22,14.7,8.1,0,6,21,14.8,7.8,0,12,22,15.2,8,0,6,19
02-04-21,10.9,5.2,0,10,22,10.8,5.3,0,6,19,10.6,5.2,0,12,24,11.3,4.9,0,7,19
03-04-21,9.8,5.3,0,8,21,10,5.4,0,5,19,9.3,5.3,0,10,23,10.8,5,0,6,18
04-04-21,15.4,2,0,6,16,15.7,1.2,0,4,15,15.8,-0.3,0,6,16,15.5,-1.1,0,4,13
05-04-21,8,5.3,0,9,31,8,5.3,0,7,28,7.7,5,0,11,29,7.8,5.9,0,7,27
06-04-21,8,-0.4,0,8,31,8.1,-1.2,0,7,28,7.9,-0.4,0,9,33,7.1,-2.9,0,6,25
07-04-21,8,-2.4,0,8,21,7.4,-2.4,0,6,21,7.7,-3.4,0,8,23,7.1,-3.6,0,5,20
08-04-21,12.8,2,0,9,21,13.1,1.7,0,5,18,12.9,2.7,0,9,21,12.3,1.5,0,6,19
09-04-21,14.3,4.6,0,7,18,14.5,4.1,0,4,16,14.5,4.7,0,7,16,13.5,4,0,5,15
10-04-21,8.7,5.8,0,7,18,8.3,5.8,0,5,17,8.3,5.6,0,9,19,8.1,5.4,0,4,15
11-04-21,9.8,1,1.6,6,19,9.3,1,0.4,4,23,8.6,-1.1,0.2,7,23,9.1,-1.6,3,5,18
12-04-21,10.3,-1.4,0,4,14,10.9,-2.2,0,2,15,9.7,-2.7,0,3,15,10.2,-2.7,0,3,13
13-04-21,13.3,-0.9,0,3,16,13.1,-2.7,0.2,2,15,13.4,-2.3,0,3,16,12.9,-3.6,0.2,3,15
14-04-21,12.6,2.5,0,5,17,12.1,0.6,0,3,17,12.3,0.4,0,5,21,12.6,-0.3,0,3,15
15-04-21,11.5,1,0,6,18,10.4,1.5,0.4,4,16,11.1,-0.4,0,7,21,10.9,-2.4,0.4,3,15
16-04-21,12.3,0.7,0,4,15,11.6,-0.6,0,3,15,12.4,-1.5,0,5,15,12.2,-3.1,0,3,15
17-04-21,13.8,-0.1,0,5,14,13.7,-2,0,3,14,13.4,-1.7,0,5,16,14,-3.2,0,3,16
18-04-21,15.7,1.1,0,3,12,15.6,-1.2,0,2,10,15.3,-1.2,0,3,12,15.2,-1.9,0,3,11
19-04-21,17.8,2.9,0,4,16,17.4,0.8,0,2,13,18.3,0.7,0,4,13,17.8,-0.7,0,3,13
20-04-21,18.6,4.4,0,4,14,18.2,2.1,0,2,12,17.7,2.1,0,3,15,17.9,0.4,0,2,12
21-04-21,14.7,6.7,0,7,20,14,4.6,0,5,18,14.2,4.2,0,8,23,15.1,4.7,0,5,18
22-04-21,14.6,2.4,0,8,19,14.2,1.7,0,6,18,15,2.2,0,8,18,14,-0.6,0,4,17
23-04-21,17.2,2.3,0,7,18,16.7,1,0,5,17,17.3,0.5,0,8,21,17.7,-1.4,0,5,16
24-04-21,17.1,3.7,0,8,24,17,1.5,0,6,22,17.2,0.9,0,9,23,16.2,-0.6,0,5,22
25-04-21,14.5,4.6,0,10,25,13.8,4.9,0,7,20,13.8,4.6,0,13,24,14.2,3,0,6,22
26-04-21,13.9,4.2,0,8,19,14.1,4.9,0,6,18,13.6,4,0,9,21,13.7,1.9,0,5,17
27-04-21,16.1,1.6,0,4,16,16.6,-0.5,0,3,15,16,-0.2,0,4,16,18.6,-2.1,0,3,11
28-04-21,12.5,6.7,5.6,7,26,12.8,6,2.2,5,22,13.2,6.7,9,9,30,11.2,4.5,0.8,5,20
29-04-21,12.3,3.6,0,5,16,11.9,4,0,4,14,11.6,3,0,7,17,12.4,3.1,0,4,14
30-04-21,12.7,4,0,5,17,12.9,1.7,0,3,16,12.2,2,0,5,16,13.3,1.5,0,3,18
01-05-21,13.3,3,0,4,14,13.1,0.4,0.2,3,14,12.9,1.4,0,6,17,13.2,-1.8,0.6,3,13
02-05-21,15.3,4.4,0.2,5,20,15,1.4,0,3,14,14.3,3.2,0,5,19,14.2,-0.3,0,4,13
03-05-21,14,5.7,7.6,16,45,13.7,3,7.8,8,33,13.8,5.3,7.4,14,41,13.7,3.9,8.6,11,38
04-05-21,15.1,7.7,0.2,17,37,14.6,8.2,0.4,10,34,14.1,7.8,0.4,17,41,14.4,7.9,0,11,33
05-05-21,14.4,3,4.4,8,23,14,3.3,4.8,5,22,12.6,2.6,3.2,7,26,13.6,2.3,2.4,5,25
06-05-21,12.8,1.6,0,6,19,12.8,0.1,0,4,19,12.6,-0.2,1,6,20,12.1,-0.3,0.2,4,20
07-05-21,15.7,4.1,9.6,7,19,15,2.4,9,5,16,14.3,3,11.6,7,18,14.8,1.3,8,5,17
08-05-21,17.5,6.5,0.2,14,37,17.8,6.6,0.2,7,30,17.7,6.2,0.2,13,37,17.7,5.9,0.2,10,35
09-05-21,20.4,11.5,1.4,10,25,20.1,11.1,1.6,5,23,20.9,10.8,1.4,10,24,20.3,11.9,0.4,7,21
10-05-21,17.1,10.2,1,12,32,16.9,9.8,0.6,6,27,16.7,10,0.6,12,34,16.6,9.7,0.2,8,29
11-05-21,17.8,5.5,0,9,24,17.9,4.7,0,5,20,18.1,5.1,0,8,24,17.5,4.9,0.2,7,24
12-05-21,17.5,8.9,1.6,8,18,17.3,8.3,1.6,4,17,17,9.1,4.6,7,18,16.9,7.7,2,5,18
13-05-21,14.5,9.7,2.6,6,18,14.4,9.8,3,5,14,14,9.9,4.4,8,16,14.2,9.3,0.4,5,16
14-05-21,13.4,8.1,2,5,15,12.9,8,1,3,13,12.8,8,1.4,6,16,13.2,6.2,2.4,3,15
15-05-21,15,8.5,2.4,5,17,15.1,8.1,2.2,3,15,16,8.3,2.4,5,19,15.4,8.2,5,4,21
16-05-21,15,7.5,12.6,6,21,15,6,6,4,16,15.6,7.2,21.2,6,21,14.3,6.8,10.8,5,18
17-05-21,16.5,9.9,5,6,23,15.9,10,8.8,4,25,17.3,9.5,12.6,6,27,15.9,9.5,4.4,4,18
18-05-21,17.1,5.5,4,No data,25,16.4,4.9,8.4,3,22,16.7,5,3,6,26,16.4,5.1,9.8,5,25
19-05-21,18.3,8.6,0,6,23,18.2,8.6,0.2,5,19,17.1,8.4,0,7,26,17.7,8.5,0,5,23
20-05-21,14.1,6.5,0.8,10,39,14.6,4.4,0.6,7,34,13.9,4.9,0.2,12,36,14.1,5.3,1.8,10,32
21-05-21,13.3,10.3,3.6,18,39,13.2,10.5,5,10,39,13,10.4,4,18,39,12.3,9.8,3.2,13,34
22-05-21,14.9,9.2,2.4,7,20,15.9,9.3,0.6,5,20,15.3,8.9,1.6,8,34,15.2,9,0.4,5,17
23-05-21,13.6,4,16.2,9,29,13.2,3.2,9,6,24,13.3,3.8,10.8,10,29,14.2,3.8,9.6,9,33
24-05-21,14.1,6.8,5.4,7,28,14.7,5.5,7.4,4,24,13.9,6.5,8.2,8,28,13.7,6.2,7.2,6,26
25-05-21,15.9,6.1,0.2,9,28,16.5,6.5,0,5,26,15.7,6.4,0,9,25,16.5,6.1,0,6,22
26-05-21,17.7,5.3,0,6,18,17.7,6,0.2,4,19,16.9,5.2,0,7,20,17.5,3.7,0,5,16
27-05-21,21.2,7.4,0,3,13,20.7,8.7,0,2,13,20.6,5.7,0,4,15,22,4.6,0,3,9
28-05-21,19.7,10.1,1.2,3,11,20,8.4,0.6,2,10,19.7,9.4,0.4,4,12,19.5,7.5,0,2,10
29-05-21,21.6,11.7,0,5,17,21.7,12,0,4,17,22.1,12.3,0,7,18,21.4,11.3,0,4,15
30-05-21,21.5,8.6,0,5,18,21.2,7.8,0,5,14,21.2,8.5,0,8,18,20.9,7,0,4,14
31-05-21,24.1,9,0,6,19,23.9,7.9,0,5,16,24.8,8.2,0,7,19,24.6,5.7,0,4,13
01-06-21,25.7,10.8,0,7,23,25.7,10.8,0,6,22,25.7,10.8,0,9,25,25.7,10.1,0,5,20
02-06-21,27.9,12.9,0,6,19,27.9,11.7,0,5,15,28.3,12.1,1.2,7,20,28,10.1,0,4,17
03-06-21,23.8,16.8,0.8,7,17,24.5,17.2,0.8,4,14,23.2,17,0.4,6,17,23.9,15.2,0.8,5,15
04-06-21,17.5,12.6,6.6,4,13,18.2,11.1,10.2,3,11,16.9,12.4,7.8,5,13,17.8,10.1,8.2,3,11
05-06-21,23.5,9.8,0.2,5,14,23.7,11,0,3,12,23.3,10.7,0.6,5,18,23.4,8.9,0,3,13
06-06-21,23.2,13.1,0,5,14,22.9,11.5,0.4,2,10,23.2,11.5,0,4,13,23.4,10.1,0.2,3,11
07-06-21,23.3,13.7,0,6,16,23.8,12.4,0,3,13,24.1,14,0,5,15,23.4,10.9,0,4,13
08-06-21,24.7,11.5,0,5,15,24.5,11,0,3,13,24.5,11.3,0,5,16,24,9.3,0,4,14
09-06-21,26.3,11.4,0,7,19,25.9,9.8,0,4,16,25.4,10.5,0,6,21,25.5,7.6,0,4,14
10-06-21,24.7,15.6,0,8,16,24.4,14.5,0,4,15,23.5,15.5,0,7,15,24.4,14.7,0,5,15
11-06-21,25.6,16.4,0,10,23,24.9,16.6,0,5,17,24.7,16.1,0,9,22,24.4,15.4,0,5,16
12-06-21,24.6,13.3,0,5,14,24.8,14,0,4,16,23.4,13.4,0,6,15,24.2,13.6,0,4,13
13-06-21,28,14.5,0,5,17,27.6,12.9,0,2,13,27.9,12.7,0,4,15,27.3,10.2,0,3,12
14-06-21,28.8,15.4,0,6,15,28.2,12.4,0,4,15,27.4,13.7,0,6,18,28.7,11.1,0,4,13
15-06-21,26.6,14.8,0,6,18,25.8,15,0,3,14,25.9,14.4,0,6,19,25.8,15,0,4,13
16-06-21,29.2,14.8,4.2,6,17,28.4,13,7,3,15,28.4,14.4,4.6,5,15,29.1,11.1,6,4,14
17-06-21,21.4,17.7,19.4,5,13,21.9,18.1,15.2,3,12,21,17.6,20.4,6,13,21.5,17.1,23,3,13
18-06-21,14.3,13.6,15.8,6,19,14.7,14.3,14,4,16,14.4,13.5,16,9,21,14.4,14,9.6,5,14
19-06-21,16.4,11.9,0.2,5,19,16.3,12.1,0.4,4,16,16,11.8,0.2,6,17,15.8,11.7,0.6,3,12
20-06-21,18.4,12.9,1.2,6,17,19,12.7,1.4,4,16,17.4,12.8,0.6,8,19,19.6,12.7,2.8,3,15
21-06-21,14.3,11.9,3.2,9,21,14.1,12,5,6,19,14.4,11.7,3.4,10,22,13.8,11.5,2.8,5,19
22-06-21,18,11.3,0,8,21,17.2,11.7,0,5,21,17.9,11.1,0,11,23,16.8,11.2,0,5,18
23-06-21,22.3,8,0,4,12,21.7,6.7,0,2,11,21.2,6,0,4,14,21.9,4.3,0,3,12
24-06-21,20.3,9.5,0.2,5,15,20.8,7.8,0.2,3,13,19.7,8.2,0.2,5,12,20.9,6.5,0.2,3,13
25-06-21,23,13.6,0,7,16,22.6,13.4,0,4,15,21.6,13.5,0,6,17,23.1,12.8,0,4,13
26-06-21,23.6,13.9,0,6,16,22.6,13.9,0,4,16,23.3,14,0,7,17,21.7,10.2,0.2,4,15
27-06-21,20.5,15.2,33.4,7,19,20.6,15.5,22.6,5,17,20.5,15.3,13.4,9,21,19.9,15,12.8,4,16
28-06-21,20.2,15.1,0.2,6,16,20.6,15.4,0.2,3,13,19.5,15,0,7,16,21.3,15.2,0.4,3,12
29-06-21,19.5,14.5,2.8,5,18,18.8,14.5,5.8,3,13,18.3,14.4,1.4,7,17,20.2,14.3,3,3,15
30-06-21,18.7,13.3,0,4,12,18,13,0,3,13,17.7,12.6,0,5,14,19,11.3,0,3,13
01-07-21,22.4,12.5,0,3,11,21.9,11.8,0,3,13,21.7,10.7,0,4,21,21.7,9.8,0,2,10
02-07-21,24.5,15.2,0.6,5,14,23.9,14.4,1.4,3,11,24.1,13.7,0.6,4,13,24.1,13.7,0.8,3,11
03-07-21,22.4,16.2,4.2,7,19,21.8,15.9,4.6,4,17,22.3,16,2.8,6,17,21.8,15.2,6.8,4,16
04-07-21,21.7,15.6,2.2,9,24,22.1,15.1,2,5,20,21.6,15,2,8,27,21.4,14.5,2.4,6,23
05-07-21,21.7,13.7,14.2,9,22,21.1,13.7,10.2,4,19,21.7,13.7,15,8,21,20.8,12.8,13.6,6,18
06-07-21,20.8,13.1,2.6,11,39,19.8,13.3,6.6,6,24,20.5,13.1,1.6,11,40,20,13,2,8,26
07-07-21,21.3,13.1,0,10,22,21.4,12.4,0,5,19,21.9,13,0,10,23,19.9,12.4,0,7,19
08-07-21,21.7,14.3,1.2,6,15,21.7,12.5,0,3,13,20.8,13.6,0,4,12,21.4,12.9,0.4,4,13
09-07-21,24.7,15.2,0,6,18,23.6,14.1,0,3,14,23.9,14.9,0,5,16,24.9,13.6,0.2,4,15
10-07-21,19.5,13.6,0.6,4,10,19.8,13.4,0,2,7,19.2,13.2,0.2,3,9,19.6,12.1,1.4,2,8
11-07-21,21.5,11.6,2.6,6,16,22,10.6,3,3,12,22,9.9,2.2,4,17,21.6,9.2,5,4,14
12-07-21,22,14,5.8,4,15,21.7,14,46.6,2,10,21.7,14,2,4,14,20.9,13.6,13.2,2,12
13-07-21,22.5,14.9,0,5,15,22.8,15,0,3,14,22,14.9,0,6,18,22.5,13.9,0,4,16
14-07-21,25.2,14.9,0,7,18,25.2,12.9,0,5,19,24.8,13.3,0,8,18,24.7,12.7,0,6,17
15-07-21,22.1,14.1,0,6,20,21.3,12.6,0,4,14,21.8,13.7,0,8,18,21.8,10.9,0,4,15
16-07-21,26.8,11.3,0,5,18,25.9,10.1,0,3,18,26.7,9.6,0,8,24,26.3,8.5,0,3,16
17-07-21,28.4,15.4,0,5,13,28.1,14.9,0,3,12,28.2,13.9,0,5,14,27.5,11.8,0,3,12
18-07-21,31.6,15.9,0,3,13,31.2,13.8,0,2,11,30.7,14.7,0,3,17,31,12.2,0,2,10
19-07-21,31.4,18.1,0,5,21,30.5,15.9,0,2,12,30.7,16.8,0,4,14,31.1,15.3,0,3,14
20-07-21,32.2,17.6,0,5,19,31.8,16.2,0,3,14,31.8,16.8,0,4,20,31.2,15.5,0,3,14
21-07-21,30.4,17.7,0,4,13,29.7,16.5,0,2,11,30.1,16.3,0,5,14,29.5,14.2,0,2,9
22-07-21,29.8,17.3,0,5,14,28.9,15.8,0,3,12,30,16.7,0,5,15,29,15,0,3,12
23-07-21,25.5,15.6,0.2,9,23,24.2,15.2,0.6,6,20,25.1,15.7,1.2,10,23,23.6,14.4,0,5,18
24-07-21,23.4,15.9,0,7,24,23.1,15.8,0,5,20,23.5,15.3,0.4,9,25,22.7,16.5,0,4,16
25-07-21,21.5,16.6,7,4,16,21.7,16.4,11.4,2,13,21.1,16.6,8.6,6,18,22,16,17.8,2,12
26-07-21,26.1,15.3,0,4,17,25,16.1,0,2,12,26,15.7,0,4,12,25.8,14.5,0.8,3,13
27-07-21,22.1,16.5,1.6,8,22,22.6,16.2,0.4,4,17,22.9,17.2,1.4,7,19,22.1,14.5,6.8,5,19
28-07-21,22.1,16.5,10.6,11,23,21.3,16.3,12.4,5,19,19.7,16.6,7.6,10,28,21,15.3,19.6,6,26
29-07-21,23.3,12,1.8,12,26,22.3,11.6,2.8,5,20,22.4,11.9,2.4,11,26,22.3,11.4,1.8,7,20
30-07-21,19.4,14.3,1.4,13,37,18.9,14.3,4.2,7,27,19.3,13.8,2.4,12,36,20.5,13.5,0.8,8,29
31-07-21,21.7,12.9,4.6,7,18,20.4,13,3.8,3,15,20.5,13,1,6,18,20.6,12.3,10.8,4,12
01-08-21,21.9,14.5,0,5,14,21.8,13.9,0.2,3,16,20.5,14.6,0.2,6,20,21.7,13.8,2.4,3,12
02-08-21,20.8,12.7,0,5,16,20.5,11.8,0.6,2,10,20.4,12.3,1,5,12,18.4,9.3,0.2,3,12
03-08-21,23.8,10.6,0,4,14,23,10.1,0,2,11,21.3,9.8,0,4,11,22.8,7.9,1.4,3,12
04-08-21,23.9,11.7,0,4,14,23.5,10.8,0,2,11,23.2,10.3,0,3,11,22.5,9.9,0,3,10
05-08-21,22,12.7,2.2,9,23,21.4,11.2,3,4,21,21.1,12.8,3,8,22,20.9,11.5,2.4,6,20
06-08-21,23.8,15.2,12.2,12,28,22.6,15.3,13.8,6,25,22.3,15.5,9.6,11,30,22,14.9,22.2,8,24
07-08-21,21.3,13.4,5.2,10,28,20.8,12.4,7.6,4,20,20.6,13.2,16.6,8,27,20.2,12.8,4.8,6,21
08-08-21,20.7,13.5,6.4,12,27,20.2,13.2,5.8,6,23,20,13.3,8.8,11,24,20.1,12.6,8.6,8,25
09-08-21,23,12.7,12.2,8,24,21.9,12.3,12,4,21,22,12.4,13.2,7,23,22.2,12.7,4.4,5,21
10-08-21,24.1,12.3,0,7,18,23.1,11.4,0,3,13,23.7,12.6,0,6,16,23.9,12.3,0,4,14
11-08-21,24.5,12.9,0.2,8,18,24,11.9,0,4,15,24,12.3,0.2,6,17,24.2,11.3,0,5,15
12-08-21,22.5,15.8,0,8,21,22,15.9,0,4,16,22.3,15.5,0,7,18,22.7,14.2,0,5,17
13-08-21,22.9,13.6,0,9,19,22.2,13.3,0,4,16,22,13.3,0,8,19,22.6,12.5,0,6,17
14-08-21,25.3,14.2,0,8,18,24.9,13.2,0,4,15,24.8,13.8,0,7,20,24.8,13,0,5,16
15-08-21,24.3,14.1,0,9,22,23.4,13.1,0,4,18,24,13.2,0.4,8,22,22.8,13.4,0.2,6,20
16-08-21,18.8,12.3,0,8,21,18.9,12.8,0,6,23,18.4,12.2,0,9,21,19,12.2,0,6,18
17-08-21,18.6,11.4,0.6,8,20,18.5,9.9,1,4,16,18.3,10.2,0,7,20,18.3,9.2,0,5,19
18-08-21,24.1,15.3,0,10,22,23.3,15.3,0,5,18,24.2,15.3,0,9,23,22.6,15.2,0,6,21
19-08-21,21.7,13.7,0.6,7,16,21.2,13.9,0.4,4,13,21.6,13.6,2.6,7,18,21.6,12.5,2.2,5,13
20-08-21,21.6,13.5,0,6,15,21.6,12.9,0,3,9,21.9,13.6,0,5,12,21.4,13,0,3,9
21-08-21,21.1,15.5,2.6,5,12,21,14.9,2.2,2,12,20.6,15.6,2.6,4,11,20.6,14.3,1.4,3,13
22-08-21,23.1,15.2,0,6,18,23.1,15.2,1.2,4,18,22.7,14.8,0.6,7,19,22.5,14.8,0.2,5,16
23-08-21,22,15.5,0,5,15,21.4,15.8,0,4,14,21.4,15.5,0,7,15,21.2,15.5,0,3,11
24-08-21,24,12.4,0,7,20,23.1,12.1,0,No data,No data,23.3,12.8,0,9,19,22.6,10.8,0,4,14
25-08-21,22.3,13.2,0,6,17,22,13.8,0,4,16,21.6,13.1,0,8,18,22.3,9.5,0,3,14
26-08-21,18.7,15.9,0,7,18,18.2,15.6,0,4,16,18.5,15.4,0,9,23,18.3,15.1,0,5,16
27-08-21,19.7,12.5,0,5,16,19.6,11.7,0,4,14,19.6,11.2,0,7,17,19.4,11.7,0,3,13
28-08-21,20.9,11.3,0,6,21,20.6,9.2,0,3,16,20.6,10.3,0,7,24,20.2,7.1,0,3,15
29-08-21,19.9,10.4,0,5,18,19.1,8.6,0,3,14,18.9,8.7,0,7,19,20.5,6.9,0,3,15
30-08-21,17.1,13.8,0,7,21,17,13.7,0,4,17,16.8,13.6,0,9,19,17.3,13.5,0,4,15
31-08-21,18.9,14,0,7,18,18.9,13.9,0,4,17,18.7,13.8,0,9,19,19.4,13.6,0,4,14
01-09-21,18.7,14,0,7,16,18.3,14.3,0,4,14,18.6,13.8,0,9,18,18,13.7,0,4,14
02-09-21,20.2,15,0,8,19,19.7,15.1,0,5,17,20.1,14.7,0,10,21,18.7,14.6,0,4,14
03-09-21,22.4,13.6,0,6,15,22,13.8,0,4,13,21.5,14,0,7,15,21.8,8.6,0,3,13
04-09-21,20.1,12.4,0,No data,No data,19.3,13.5,0,4,13,19,12.7,0,7,16,19.3,10.9,0,3,15
05-09-21,26.4,14.1,0,4,12,25.9,14.2,0,3,10,26.7,11.5,0,5,12,25.6,12.1,0,3,10
06-09-21,28.3,14.3,0,2,8,28.3,12.5,0,1,7,28.4,12.3,0,2,8,26.8,11.6,0,2,5
07-09-21,30.2,15.6,0,4,17,29.8,13.6,0,3,13,30.4,13.4,0,5,15,28.9,11.9,0,3,15
08-09-21,30.3,15.8,2.6,6,22,29.7,13.6,3,4,16,30.3,15.4,2,7,20,29.1,12.9,2.6,4,14
09-09-21,23.9,16.8,0.2,7,19,23.3,15.8,0,4,15,22.9,16.2,0.8,7,18,22.9,15.3,0,5,19
10-09-21,22.6,16.9,1.8,8,20,21.4,16,1.4,3,18,22.6,16.8,4.6,6,17,21.6,15.6,1.2,5,17
11-09-21,24,17.3,0,No data,16,22.9,17.2,0,4,14,23.6,17.1,0,7,17,23.3,16.5,0,5,14
12-09-21,20.8,12,0,No data,15,22,10.7,0,2,11,22.5,11.1,0,4,14,22,10.9,0,2,7
13-09-21,21.8,14.1,8.2,No data,18,20.9,13.9,10.4,5,15,21.1,13.2,8,8,17,20.8,13,9.8,3,12
14-09-21,21,15.7,6,No data,11,20.7,15.8,6.4,3,10,20.4,15.4,9.6,5,13,20.3,14.7,8,2,9
15-09-21,22.3,15,0,No data,11,21.7,15,0,2,12,21.4,14.5,0.2,4,13,21.2,14.9,0.2,2,11
16-09-21,23.7,10.9,0,No data,16,23.7,9.7,0,3,12,23.4,9.1,0,4,13,23.1,8.3,0,3,11
17-09-21,22.1,13.1,0,No data,14,21.8,11.4,0.2,2,10,22,12.5,0,4,13,21.6,9,0,3,11
18-09-21,25.2,12.5,0,No data,18,24.4,11.1,0,2,14,25.3,10.5,0,4,14,23.6,9.6,0,3,13
19-09-21,18.2,14.4,3.8,No data,11,20.4,13.2,1.6,2,11,18.4,13.1,3,4,11,17.9,10.8,2.6,2,9
20-09-21,20.5,11.7,0,5,16,20.4,11.5,0.2,3,13,19.8,11,0,6,17,19.7,9.5,0,3,15
21-09-21,22.2,9.9,0,No data,7,22.5,9.2,0,1,9,21.8,9.4,0,3,9,22.4,8.8,0.2,2,9
22-09-21,23,10.4,0,No data,17,22.4,8.6,0.2,3,15,22.9,7.7,0,5,18,22.8,7,0,3,13
23-09-21,24.3,11.8,0,8,22,21.6,10.1,0,4,17,21.7,11.2,0,7,19,20.5,10.1,0,5,15
24-09-21,24.6,12.9,0,8,17,24,11.7,0,4,13,24.5,12.8,0,6,15,23.8,11.8,0,5,14
25-09-21,18.4,15.8,0,3,13,18.5,13.5,0,2,11,18.5,15.4,0,3,11,18.4,14.1,0,2,8
26-09-21,23.4,13.1,5.6,6,21,23.1,11.4,4.2,3,16,23,10.7,5.6,6,20,22.3,11.3,7.6,4,17
27-09-21,19.1,13.8,0.4,13,31,18.3,14.2,0.2,7,28,18.6,13.8,0,11,32,18.4,12.8,0.4,8,30
28-09-21,18.9,9.2,16.6,10,28,19.2,7.5,17,5,24,19.1,9.7,13.2,9,27,18.4,9.4,13.4,7,24
29-09-21,16.7,8.4,0.8,9,26,16.4,8.2,0.6,5,23,15.8,8,0,9,24,16,7.1,1.6,6,24
30-09-21,16.5,7.2,6.4,10,26,16.6,4.8,14.4,5,20,16.3,5,4,9,27,16.4,5.1,7.6,7,25
01-10-21,18.6,12,0,11,22,18,12.4,0,5,25,17.8,12.1,0,9,23,18,12.4,0,6,23
02-10-21,15.2,7.2,17.6,9,27,16.8,5.1,22.6,4,20,14.7,5.9,17.8,7,26,16.9,6.8,19.6,6,26
03-10-21,18,10.2,2.6,10,36,17.8,9.5,1.8,5,25,17.4,9.7,4,8,29,17.3,9.2,2.6,6,25
04-10-21,18.1,10.1,12,10,25,17.6,8.6,20,4,18,17.4,9.7,14.6,8,23,17.6,9.3,25.4,6,21
05-10-21,15.4,10.8,0,13,26,15,10.3,0.4,7,24,14.9,10.7,0.4,12,34,15.1,9.8,0,8,30
06-10-21,17.6,8.9,0,9,23,17.7,9.2,0,6,27,17,9.6,0,9,24,17,9.2,0,6,21
07-10-21,18.1,11.8,0.2,5,13,18.3,9.1,0.2,2,9,17.8,10.7,0.2,4,10,17.9,9.1,0,4,11
08-10-21,17.7,13.8,0.2,3,12,17.7,13.2,0.2,2,8,17.4,14,0,3,10,17.2,13.5,0.2,2,7
09-10-21,19.1,7.6,0,2,9,20.2,7.3,0,1,8,19.5,6,0,2,10,17.4,5.9,0,1,7
10-10-21,18.9,8.5,0,4,13,19.2,7.4,0.2,3,13,18.4,7.3,0,4,15,18.4,5.4,0.2,3,11
11-10-21,16.1,7.8,0,4,13,16.9,5.4,0.2,3,12,15.7,6.1,0,5,14,15.1,3.6,0,3,13
12-10-21,16.8,6.8,0,5,16,16.7,5.4,0,3,15,16.3,5.8,0,5,18,16.4,4.8,0,3,13
13-10-21,16.2,7.3,0,4,12,16.5,5.7,0,2,11,15.7,6.7,0,3,12,17.1,4.2,0.2,2,10
14-10-21,19.3,9.7,0,7,19,18.5,7.9,0,3,18,18.9,7.4,0,6,20,18.8,10.1,0,4,16
15-10-21,15,12.4,0.8,5,16,15.1,12.3,0.4,3,14,14.7,11.7,1.6,6,18,14.6,11.8,0.2,3,12
16-10-21,17.7,8.2,0,3,10,17,6.5,0.6,2,7,17.4,6.1,0.6,3,10,16.8,6.8,0.2,2,9
17-10-21,17.9,8.8,0.2,5,16,17.8,7.9,0,2,14,17.6,7.3,0,4,17,18,7.1,0,3,15
18-10-21,18.3,7.2,1.4,7,17,18.4,6.1,1.4,3,15,18.3,5.1,1,5,18,17.9,4.4,4.4,5,19
19-10-21,20.9,13.3,18.4,13,34,21,12.8,15.6,6,27,20.4,13.2,19.8,12,35,20.3,14,12.8,9,28
20-10-21,19.1,15.1,19.8,12,34,18.7,15.5,22.4,6,26,18.8,15.1,21,11,35,18.4,15.5,26.8,8,30
21-10-21,12.4,8,0,10,28,12.6,8,0.2,7,26,11.9,7.5,0,10,30,11.5,8,0.2,7,27
22-10-21,14.7,4.8,0,9,21,14.4,3,0,4,19,14.6,4.1,0,8,22,14.1,3.4,0,5,19
23-10-21,13.9,8.9,0,6,15,13.6,8.3,0,2,12,14,8.1,0,4,15,13.4,8.4,0,3,11
24-10-21,15.7,11,0.6,8,20,15.7,10.5,0,4,18,16,10.9,0.8,7,21,15.6,10.3,0.2,5,16
25-10-21,17.7,9.7,0.4,7,18,17.3,7.4,0.6,3,14,17.1,8.6,0,5,20,16.9,10.2,1,4,13
26-10-21,17.1,8.2,0,8,20,17.6,6.2,0.2,4,17,17.2,5.8,0,7,20,17.4,7.8,0,6,17
27-10-21,17.6,11.5,0,12,28,18,10.9,0,6,26,17.5,11.6,0,12,28,17.4,11.7,0,9,26
28-10-21,15.4,12.2,2.4,10,24,15.7,9.8,2.2,6,19,16.2,11.9,1.8,10,23,14.7,11.7,3.8,8,24
29-10-21,15.6,12.9,3,11,31,16.5,11.7,2.6,6,27,15.5,12.6,3.2,10,32,16.3,12.5,3.6,9,30
30-10-21,15.6,8.5,6.2,8,21,15.8,6.7,6.2,4,17,15.5,8.1,6.2,8,20,15.4,8.8,10.2,5,19
31-10-21,15.8,6.1,1.8,14,39,15.9,4.9,2.6,7,35,15.6,6.3,3.2,12,39,15.6,7.1,3.4,10,37
01-11-21,14.9,9.1,0.2,11,27,14.8,8.7,0,5,23,13.3,9,0.2,9,26,14.2,8.5,0.2,7,21
02-11-21,13.1,1.7,0,3,12,13.4,0.4,0,1,9,12.8,-0.1,0,2,8,13.5,0.1,0,2,7
03-11-21,10.5,0.7,0.4,4,15,10.1,-0.6,0.2,3,14,9.4,-1.4,0.4,5,18,10.5,-1.8,0.8,3,13
04-11-21,10.1,4.5,0,7,21,10.4,3.5,0,5,19,9.9,3.7,0,8,20,9.4,3.8,0,6,19
05-11-21,11.1,0.6,0,5,12,11.9,-1.4,0.2,3,11,10.9,-2.1,0,4,12,11,-1.9,0,3,8
06-11-21,13.2,3.2,0,11,27,12.9,1.7,0,5,20,12.7,2.3,0,11,27,13.5,2.6,0,7,26
07-11-21,13,7.8,0,8,23,12.9,7.6,0.2,6,23,12.4,8.3,0,9,26,12.4,6.7,0.2,5,23
08-11-21,12.6,3.5,0,4,12,12.3,1.2,0.2,2,11,12.7,0.6,0,3,14,13.1,1.7,0,4,11
09-11-21,16.5,6.6,0,7,19,16.4,4.4,0.2,3,14,15.9,5.2,0,6,18,16.2,5.8,0,4,15
10-11-21,13.6,8.5,0.6,5,11,13.3,6.2,0.8,2,8,13.9,9.7,0.6,3,8,13.4,7.3,0,3,9
11-11-21,15.5,9.5,0.2,5,13,16.1,7.8,0.4,2,10,15,10.6,0.2,4,11,15.7,6.3,0,3,11
12-11-21,15.2,6.3,0.8,10,26,15.6,6.6,1,5,20,15.5,6,0.8,9,25,15.8,7.5,1.6,7,22
13-11-21,12.8,9.7,0,6,16,13,10.7,0.2,5,16,12.6,9.8,0,7,17,12.4,9.4,0.2,5,17
14-11-21,13.1,10,0,5,13,13.4,10,0,3,10,12.8,9.7,0,6,14,12.3,9.5,0,3,10
15-11-21,12,10.2,0,2,8,11.8,10.1,0,2,6,11.7,9.7,0,3,7,11.4,8.9,0,1,5
16-11-21,11.4,2,0.2,4,10,12.2,2.1,0.2,2,7,11.4,0.1,0.4,3,9,12.2,1.7,0.2,3,9
17-11-21,12.7,3.4,0,5,14,13.1,3.5,0.2,3,13,12.2,2,0,4,13,12.2,3.7,0.2,3,11
18-11-21,13.8,3.9,0,7,18,14.3,2.4,0,4,15,14.2,4,0,6,16,13.4,3.7,0,4,13
19-11-21,12,8.7,0,4,12,12.2,7.7,0,2,9,12.3,8.1,0,4,11,11.8,8.8,0,3,8
20-11-21,10.8,9.7,0,5,14,10.8,9.8,0,3,11,10.9,9.8,0,5,13,10.6,9.3,0,3,10
21-11-21,8.6,5,0,8,22,8.4,3.9,0,5,20,8.4,4.4,0,10,24,8.1,2.3,0,No data,21
22-11-21,10,3.5,0,6,17,10.1,3.4,0,4,16,9.7,3.4,0,9,19,9.9,2.2,0,No data,17
23-11-21,10.2,0.6,0.2,2,7,11.2,-0.5,0.2,1,7,9.8,0,0,2,9,8.5,-1.2,0.2,No data,6
24-11-21,7.4,2.3,0,3,11,7.3,0.3,0,2,9,7.4,-0.4,0,2,11,6.6,-1.2,0,No data,6
25-11-21,7.4,3.2,0,5,17,7.6,3,0,4,18,7.3,2.6,0,6,17,7.2,0.9,0,No data,16
26-11-21,9.4,1.5,6.2,11,28,9.4,0.2,4.4,7,31,9,1.7,6,11,32,9.8,-0.1,4,No data,26
27-11-21,5.1,2.6,1,13,33,5.5,2.8,0.6,10,31,4.9,2.5,0.8,16,39,4.9,2.5,0.4,12,33
28-11-21,4.3,-0.6,0,7,20,4.9,-0.1,0,6,22,3.9,-1.1,0,9,23,4.3,-0.9,0,7,24
29-11-21,9.7,-3.3,0,6,17,9.8,-3.9,0,3,13,9.3,-3.1,0.2,6,15,9.7,-3.2,0.2,4,13
30-11-21,12,-0.5,0.4,12,27,12.1,-2.8,0.2,6,22,12,-0.7,0.4,11,27,12.2,-0.4,0.4,8,27
01-12-21,10.1,7.9,0.4,11,26,10.2,8,0.6,8,29,9.8,7.7,0.2,12,29,9.7,7.7,1.4,8,24
02-12-21,6.6,0.6,0.6,7,23,6.8,0.3,0.2,6,21,5.7,0.2,1.4,8,24,7,0.5,0.2,5,17
03-12-21,9.5,-0.1,2.2,5,16,9.7,-1.6,2.6,3,12,9.4,-0.3,2,4,15,9.9,-0.6,2.4,4,19
04-12-21,8.4,5,3.4,10,27,8.2,1.8,2.2,6,26,8.2,3.5,2,10,28,8,4,1,7,23
05-12-21,6.7,4.2,0.2,10,27,6.9,4.3,1,8,25,6.6,3.9,0.6,13,32,6.2,4.5,0.2,10,29
06-12-21,7.9,1.7,1.6,7,21,7.5,1.1,1.4,4,17,7.8,1.4,1.2,6,24,7.5,1.2,1.8,5,20
07-12-21,8.2,1.2,7.4,10,34,8.1,-0.4,7.8,5,27,8.1,0.9,7.4,9,32,8.2,1.1,11.2,9,40
08-12-21,8.3,4.7,0,14,30,8.7,4.1,0,7,25,8.1,4.7,0,13,30,9.1,4.3,0,10,26
09-12-21,9.1,3.3,8.4,8,19,9,2.6,8.4,4,16,9,3.2,8.2,8,19,9.2,3,5.8,6,20
10-12-21,7.9,4.2,4.2,11,30,7.5,3.3,0,9,29,7.2,3.8,0,13,31,7.4,3.8,0,9,25
11-12-21,12.6,1.3,1.6,7,15,12.5,-0.6,2.8,3,11,12.3,0.2,2.4,5,13,12.4,0.5,1.6,5,15
12-12-21,14.2,3.9,0.2,9,21,14.7,0.7,0,4,14,14.2,1.7,0,8,19,14,2.8,0.2,7,16
13-12-21,11.6,9.3,0,8,18,11.8,9,0,4,16,12,10,0,8,19,11.3,10,0.2,6,15
14-12-21,13.2,8.6,0,7,15,13.3,8.2,0,3,13,12.9,9.2,0,6,16,12.9,9.3,0,5,13
15-12-21,13.1,9.2,0,7,16,13.3,7.9,0,3,13,13.3,9,0,7,16,13.1,10,0,4,13
16-12-21,11.9,10.1,0,3,7,11.8,9.4,0,1,7,11.5,9.7,0,3,8,11.3,10.1,0,2,7
17-12-21,9.6,9.3,0,6,18,9.6,9.4,0,4,17,9.2,9,0,7,20,9.8,9.1,0,4,15
18-12-21,9.1,7.1,0,7,18,9.1,7.2,0,5,17,8.6,6.8,0,8,18,8.6,7.3,0,5,14
19-12-21,6.5,4,0,4,12,6.7,3.6,0.2,2,11,6.3,3.1,0.2,5,13,6.2,4.8,0.2,3,13
20-12-21,7.1,3,0,5,15,7.5,3.2,0,3,12,6.8,2.8,0,6,15,7.2,3.3,0.2,3,11
21-12-21,6.3,4.9,0.2,No data,14,6.5,5,0,3,9,6.7,4.7,0,4,12,5.9,4.5,0,2,9
22-12-21,7.4,-1.9,0.2,5,13,7.4,-3.2,0.2,2,10,7.3,-4.5,0,3,11,7.6,-2.9,0,3,12
23-12-21,11.3,-0.1,0,7,20,10.9,-2.1,0,3,14,11.1,-2.9,0.4,6,15,10.9,0.9,0.2,6,17
24-12-21,10.5,5.4,13.4,4,11,10.3,2.9,15.4,3,11,10.4,4.1,18.6,4,15,10.5,6.3,6.8,3,13
25-12-21,7.9,7.9,17.4,9,23,8,7.3,15.8,7,21,7.5,7.5,14.6,11,24,8,6.9,8.8,4,14
26-12-21,9.7,5.4,0.2,3,15,9.3,5.4,0.4,3,16,9.4,5.2,1.6,5,18,10.4,6.2,0.8,3,15
27-12-21,11.2,5.8,5,6,17,11.2,5.7,4.4,4,16,11,6.5,7.4,6,17,11.6,4.5,4.2,6,25
28-12-21,11.8,8.2,1.2,11,36,11.8,8,0.8,7,30,11.4,8.5,0.6,11,41,11.5,9,3.6,8,30
29-12-21,15.3,7.1,0.8,10,38,15.5,6.4,0.8,5,28,15.2,6.9,1.4,8,33,15.2,7,0.6,7,26
30-12-21,15,9.8,2.6,14,27,14.9,9.8,1.8,7,23,15.1,9.3,3.4,13,29,14.3,10.5,1,11,29
31-12-21,15.3,12.4,0,11,26,15.3,12.4,0.2,6,21,15,12.2,0,11,25,14.9,12.4,0,9,24
